FECHAS,PRECIO-usd,MARKET_CAP-usd,TOTAL_VOLUMES,COIN_ID
2020-01-02,0.1925555238273866,8341958972.432188,1043385828.1124829,ripple
2020-01-03,0.18743331904176772,8125379010.023234,1082069170.5192986,ripple
2020-01-04,0.19229914510656726,8347736588.237065,1276806150.4908261,ripple
2020-01-05,0.19281164080052574,8353409154.389953,987421522.1363721,ripple
2020-01-06,0.1938156066611448,8392968450.124307,1151983921.4447215,ripple
2020-01-07,0.21886937694958472,9465463489.326942,2315410062.424789,ripple
2020-01-08,0.21402337779784072,9305934111.59265,2246849401.0656867,ripple
2020-01-09,0.2077455033575198,9024811867.845201,1751818179.3607318,ripple
2020-01-10,0.20355935867224603,8789096375.417276,1375082672.979332,ripple
2020-01-11,0.21267387579066802,9152207373.444256,1715289860.970222,ripple
2020-01-12,0.21105224358784117,9174759874.804424,1616008355.0527637,ripple
2020-01-13,0.21474449708822158,9309701295.480135,1497339722.9534612,ripple
2020-01-14,0.21157499912373928,9203081181.314354,1344392775.5026226,ripple
2020-01-15,0.23286865448480604,10153845095.502394,2696981092.1720905,ripple
2020-01-16,0.23300283331519447,10123709179.009432,2536228717.563669,ripple
2020-01-17,0.22853059053530053,9976223216.14577,2022448461.469136,ripple
2020-01-18,0.23686460613195828,10373376854.06169,2396388745.8834558,ripple
2020-01-19,0.24213615589873505,10570157519.33709,2424579070.6483755,ripple
2020-01-20,0.235603867808873,10284998478.072683,2271192817.467,ripple
2020-01-21,0.23289279406637656,10166649872.106089,1732824923.0854318,ripple
2020-01-22,0.23685345936131622,10331513194.577929,1689519338.779692,ripple
2020-01-23,0.23499544043382634,10259917352.455172,1517848018.8288903,ripple
2020-01-24,0.22724888132389257,9883783791.647701,1588344751.2599707,ripple
2020-01-25,0.2225431426290054,9719772858.770794,1700488421.523553,ripple
2020-01-26,0.22061763237296175,9638438751.03141,1378215639.489156,ripple
2020-01-27,0.22943058906684347,10020588305.88766,1612338569.6517098,ripple
2020-01-28,0.23047236239936733,10066088697.599735,1806433337.1744275,ripple
2020-01-29,0.23759353224638982,10379406076.854149,2085600978.3634768,ripple
2020-01-30,0.2347214961660962,10253939577.564808,1977002934.2965088,ripple
2020-01-31,0.24276686561020783,10605406032.519274,2181535959.948334,ripple
2020-02-01,0.23842652774418766,10415795950.139376,2017282252.7990386,ripple
2020-02-02,0.24058383524812516,10498465190.459534,1716886038.0747964,ripple
2020-02-03,0.24945938103026924,10897772304.292992,2640052158.2307854,ripple
2020-02-04,0.2542159606960318,11100987585.881157,2278216762.8389688,ripple
2020-02-05,0.2656747180889477,11609513518.064352,2704937501.8976245,ripple
2020-02-06,0.2764575489693778,12080704084.369738,3007089781.3190074,ripple
2020-02-07,0.2823097578555551,12336435223.046865,2897162400.397639,ripple
2020-02-08,0.2795854197829911,12219130649.62797,2279182999.2916217,ripple
2020-02-09,0.27737310854342834,12120712412.328041,2203834681.657999,ripple
2020-02-10,0.28228522263887856,12335363077.636406,2235349086.4563556,ripple
2020-02-11,0.2743149002963578,11989933095.065647,2336299972.3317795,ripple
2020-02-12,0.28059588101972865,12264466263.199255,2313861746.3463297,ripple
2020-02-13,0.30062527136408457,13139923811.820684,3939347661.1381044,ripple
2020-02-14,0.32323749080237313,14128273325.1104,6605455718.645415,ripple
2020-02-15,0.33328200848325845,14547897322.234125,4390704528.584524,ripple
2020-02-16,0.3054624254862439,13351349272.969727,3430602807.6012707,ripple
2020-02-17,0.2964534198879656,13014571135.584288,3980732101.4108753,ripple
2020-02-18,0.28908812446999876,12589617075.790451,3853954524.987112,ripple
2020-02-19,0.296577455075223,13006965403.789303,3811855427.8079524,ripple
2020-02-20,0.2791443337343405,12286661487.356989,3177109702.4000826,ripple
2020-02-21,0.27234077933160267,11903878854.716238,3305374380.6193023,ripple
2020-02-22,0.2741735340187518,11994931288.88298,2686108808.308024,ripple
2020-02-23,0.2750165598980362,12031813176.600395,2170573839.236917,ripple
2020-02-24,0.2828391709232468,12368568030.53096,2366852812.7249575,ripple
2020-02-25,0.27168308521714457,11885975614.657633,2475554285.309856,ripple
2020-02-26,0.2549377168645062,11161956330.394718,2567025289.697201,ripple
2020-02-27,0.23266378428241924,10107015239.20526,3277214495.244253,ripple
2020-02-28,0.23617604299477746,10372076911.34373,2700620092.1848893,ripple
2020-02-29,0.23717611347675766,10383454661.41943,2477143911.606179,ripple
2020-03-01,0.23037150494861858,10085552216.249443,2044539704.0515926,ripple
2020-03-02,0.22917706895795528,10025695675.143848,2069107143.4855473,ripple
2020-03-03,0.23935065416728013,10478654993.098969,2463124755.610758,ripple
2020-03-04,0.23457912088562113,10269759591.410824,2454087704.964802,ripple
2020-03-05,0.23463668153171868,10272279568.445084,2236741729.1902986,ripple
2020-03-06,0.23799885638303916,10432581064.571096,2193770065.4365125,ripple
2020-03-07,0.24386760361915502,10685792781.178034,2329507514.6243596,ripple
2020-03-08,0.23709215080017237,10388905930.494232,1974512300.6903646,ripple
2020-03-09,0.20384611735996336,8932130947.405481,2212569691.91303,ripple
2020-03-10,0.20882219538631508,9150172777.740633,2703449654.798481,ripple
2020-03-11,0.21152859473962587,9268761808.195688,2198016132.888562,ripple
2020-03-12,0.20985557507598007,9174518395.667374,2049343228.0515945,ripple
2020-03-13,0.13782959908786777,6028784807.164941,2844634644.5898576,ripple
2020-03-14,0.15793320292960084,6828007204.563598,5002103249.521113,ripple
2020-03-15,0.14740449415734955,6450069989.016672,2154086289.8254404,ripple
2020-03-16,0.1536465110327934,6732484159.771578,2079737198.446287,ripple
2020-03-17,0.14233610354273207,6240388468.092608,2529761544.987209,ripple
2020-03-18,0.14855496359845247,6533184465.968457,2083392083.9541287,ripple
2020-03-19,0.14686144782598295,6436304690.825929,1931411749.8110197,ripple
2020-03-20,0.1630137642312299,7154342167.204617,2490205855.675707,ripple
2020-03-21,0.1578654199821656,6932408770.043524,2852880594.57501,ripple
2020-03-22,0.1572388916037732,6893765822.423717,2026937931.3596132,ripple
2020-03-23,0.1506641854751117,6610426078.543431,1876934021.256626,ripple
2020-03-24,0.15818223865173547,6935124633.666894,2149427563.4819174,ripple
2020-03-25,0.16232648779448133,7127137923.557504,2083687565.2443302,ripple
2020-03-26,0.1616945113158979,7106446510.326314,2007027965.7754834,ripple
2020-03-27,0.17414388125687338,7645994668.6750965,2139429595.5853508,ripple
2020-03-28,0.1741474352175186,7646150709.55319,2647454047.447796,ripple
2020-03-29,0.17685014138047248,7760076485.941018,2638537629.977689,ripple
2020-03-30,0.16447701662718836,7221559455.172825,1869916824.5573218,ripple
2020-03-31,0.17093843850410675,7516283687.083531,1990274338.689318,ripple
2020-04-01,0.17392564111197442,7641538582.275465,1985080187.5900197,ripple
2020-04-02,0.17508389119266285,7634756565.062687,2002659987.2943866,ripple
2020-04-03,0.17815815095276072,7796534797.044705,2346925185.3665543,ripple
2020-04-04,0.17903878936652484,7866188147.539315,2001601449.389316,ripple
2020-04-05,0.18002309457934823,7901465588.758275,1754643970.4112556,ripple
2020-04-06,0.1781015255131237,7825008837.509199,1640070010.3468537,ripple
2020-04-07,0.19471507618414166,8563367775.746166,2390554002.134605,ripple
2020-04-08,0.192698794927934,8473684261.85753,2553384541.0569887,ripple
2020-04-09,0.20004763010892992,8812426645.650202,2045635629.867087,ripple
2020-04-10,0.19806941770953088,8710888248.686846,1815834538.3656497,ripple
2020-04-11,0.18842873691679146,8286901072.887856,2101666681.991302,ripple
2020-04-12,0.1885856605415796,8293802411.695811,1781001895.317215,ripple
2020-04-13,0.18793418546556673,8265151211.275384,2018968368.000913,ripple
2020-04-14,0.18827236788185847,8299611707.552383,2228364721.4187016,ripple
2020-04-15,0.18610888684287522,8202409954.834599,1862120141.679969,ripple
2020-04-16,0.18169801367609822,8011761733.297829,1937688979.9904425,ripple
2020-04-17,0.18856584786352443,8313796758.115251,2619561036.3051047,ripple
2020-04-18,0.18890422687848843,8333268489.325,1866168812.0107803,ripple
2020-04-19,0.19410552542802123,8564164034.737875,1914325546.147416,ripple
2020-04-20,0.18984854465276943,8376547767.92359,1849385510.2163618,ripple
2020-04-21,0.18330269141211422,8086477705.570027,2266839384.9033456,ripple
2020-04-22,0.18313346135006744,8074284895.834148,1826836936.6230843,ripple
2020-04-23,0.18768951931615696,8275159764.626271,1760936753.9293184,ripple
2020-04-24,0.1901184454663675,8382250197.9264555,2284073444.0555773,ripple
2020-04-25,0.19238168847343698,8482035724.246257,1858298807.3877132,ripple
2020-04-26,0.19442200981571112,8571317096.772564,1645169648.3148115,ripple
2020-04-27,0.19693094024713242,8682610510.595545,1670524318.453444,ripple
2020-04-28,0.19789304938794036,8729627019.338083,1707500454.9858208,ripple
2020-04-29,0.2133646263583613,9405727836.780415,2539833760.635142,ripple
2020-04-30,0.22602861693321166,9970767177.657255,3099767025.4387383,ripple
2020-05-01,0.21310049835339237,9449611235.487078,3081128998.8249784,ripple
2020-05-02,0.21763942367204323,9616759488.62069,2290295884.770336,ripple
2020-05-03,0.2229278108306535,9833981773.529413,2161381421.7909484,ripple
2020-05-04,0.2193996373715576,9678343975.978186,2152766758.0567203,ripple
2020-05-05,0.2183355316840978,9590628118.624918,2467883145.441815,ripple
2020-05-06,0.21665867531586175,9557432319.43245,2076215754.529813,ripple
2020-05-07,0.21316859552060752,9538926053.665503,1917689134.9933252,ripple
2020-05-08,0.2193568557668683,9676456757.334675,2597154210.5145693,ripple
2020-05-09,0.21817125944521623,9652873648.681679,2408353529.8585777,ripple
2020-05-10,0.21623674329232112,9545970574.247509,2545120609.5792956,ripple
2020-05-11,0.20087033236420565,8860901078.056873,3090382984.656238,ripple
2020-05-12,0.19388790957730762,8552948875.18262,2435998568.3509817,ripple
2020-05-13,0.197123255346823,8693754579.16676,1955868887.2627707,ripple
2020-05-14,0.20180311736508466,8892830320.503365,1887395769.1549468,ripple
2020-05-15,0.20339121602916818,8971968255.938885,1981280575.955368,ripple
2020-05-16,0.1984767930027895,8755377615.674406,1861283854.619996,ripple
2020-05-17,0.20068503569720783,8852789501.286718,1618674614.034291,ripple
2020-05-18,0.20066391162784475,8860387827.044128,1540402812.7256665,ripple
2020-05-19,0.20463934825919036,9011434283.414942,1746308904.9745858,ripple
2020-05-20,0.20474144959670157,9031729491.792507,1785715895.5300689,ripple
2020-05-21,0.20187100598936145,8905106034.5785,1733979832.258884,ripple
2020-05-22,0.19501216560766965,8602543016.30914,1544535157.9958904,ripple
2020-05-23,0.19960886868775185,8816681088.275835,1454970548.1993108,ripple
2020-05-24,0.19754927942344438,8714462345.390297,1249075196.4790466,ripple
2020-05-25,0.19419036291235778,8586301007.646535,1289364325.3179705,ripple
2020-05-26,0.19685487196537504,8682758874.370806,1572175495.217402,ripple
2020-05-27,0.19413459787001003,8567002549.941864,1392748661.8291106,ripple
2020-05-28,0.19720175798010187,8699660782.665977,1358329184.3187313,ripple
2020-05-29,0.20079689798971392,8857724066.1647,1499537828.1718988,ripple
2020-05-30,0.19790502860899387,8731198879.71849,1388432175.7669818,ripple
2020-05-31,0.20577482926769294,9100788486.566254,1464684241.188124,ripple
2020-06-01,0.2032687101969978,8966762754.982592,1594357118.5912654,ripple
2020-06-02,0.21087234962022489,9302180983.968418,1561471396.2505286,ripple
2020-06-03,0.2032858789259503,8967520116.600977,1737361211.0604463,ripple
2020-06-04,0.20362470318243275,8982880357.683361,1256977102.3094773,ripple
2020-06-05,0.20484984489666377,9036511117.737663,1313145139.9027412,ripple
2020-06-06,0.20313854754795302,8983729851.068195,1297990440.471073,ripple
2020-06-07,0.20320959689430387,8959322858.43545,1058657481.0092325,ripple
2020-06-08,0.20293189504238213,8950315641.572674,1197102621.5350354,ripple
2020-06-09,0.2040536556633028,9001388939.03785,1251561325.8446476,ripple
2020-06-10,0.20126914749084193,8878556339.039703,1328042189.9544604,ripple
2020-06-11,0.2028000526521789,8946088933.548634,1303802102.0559528,ripple
2020-06-12,0.19011049188788876,8386316203.510396,1464763764.6771228,ripple
2020-06-13,0.19341171844237245,8531942725.594468,1332835186.6451855,ripple
2020-06-14,0.19278129355715468,8528927628.977804,1187813850.7313433,ripple
2020-06-15,0.19038565076060282,8426050743.047891,1150138451.2404819,ripple
2020-06-16,0.19210767925088426,8520123141.714212,1454758196.3784769,ripple
2020-06-17,0.1911280314860965,8470921493.314353,1246601572.7074816,ripple
2020-06-18,0.19317215500214915,8577386518.673258,1319933194.810691,ripple
2020-06-19,0.19041681951138753,8445132213.438693,1163790865.0304394,ripple
2020-06-20,0.1872217853352464,8313481454.272817,1194918136.1065462,ripple
2020-06-21,0.18867538287461827,8365620576.287947,1064702970.5453695,ripple
2020-06-22,0.18540995922524967,8223074113.743773,1015362822.0192441,ripple
2020-06-23,0.19003525021647294,8440336061.247619,1031254003.7220415,ripple
2020-06-24,0.18829237051161374,8350911268.409599,1139321571.8165243,ripple
2020-06-25,0.18392972980810404,8157424802.059575,1180122764.4242494,ripple
2020-06-26,0.18352365517619634,8174313655.851336,1065596334.9274625,ripple
2020-06-27,0.18277971321724198,8147773072.74046,1282600124.6016247,ripple
2020-06-28,0.17589429098928788,7834494705.544174,1203944528.5554078,ripple
2020-06-29,0.1769985457927027,7893165939.317899,1184828112.2307308,ripple
2020-06-30,0.17759720673089446,7910841789.320565,1162669419.6907592,ripple
2020-07-01,0.17570051360531663,7825863681.306612,1042249688.527783,ripple
2020-07-02,0.17673982795801382,7876682374.54288,1164143368.3559296,ripple
2020-07-03,0.175210257774019,7804027232.306131,907150118.059732,ripple
2020-07-04,0.17602967232868488,7844409345.792821,965079482.8005862,ripple
2020-07-05,0.17776145865886417,7927764847.482127,1028972055.3926406,ripple
2020-07-06,0.17718496372331566,7886205457.101266,989670839.2420546,ripple
2020-07-07,0.18838913245133598,8382624840.303058,1449017121.488291,ripple
2020-07-08,0.18482483944539824,8221452519.17162,1118759148.3724747,ripple
2020-07-09,0.20433609878096115,9112910280.659475,1887140940.6239734,ripple
2020-07-10,0.20236856149258253,9043230526.68333,1805510389.2195594,ripple
2020-07-11,0.1987890313083414,8893727516.201387,1271305899.553482,ripple
2020-07-12,0.20141619522058504,9013255810.651312,1148229968.005948,ripple
2020-07-13,0.20084690446497824,8966264523.682837,978263600.5955677,ripple
2020-07-14,0.19860646792657077,8890650610.877533,1295450904.9373937,ripple
2020-07-15,0.19887149161484804,8915032188.42276,1229683954.1416867,ripple
2020-07-16,0.19723002143999407,8838298047.426737,1087859005.570823,ripple
2020-07-17,0.19404640279005098,8697735762.463654,1142507498.2131786,ripple
2020-07-18,0.19426776570870785,8705421339.112036,1006735467.4007933,ripple
2020-07-19,0.19947076313006376,8938710463.140823,977356287.6924582,ripple
2020-07-20,0.19952293195919907,8937948631.520885,1234247613.9802349,ripple
2020-07-21,0.19467002770335812,8723579266.387522,1231350389.8074782,ripple
2020-07-22,0.19905021723545974,8912758866.8116,1211211329.9152627,ripple
2020-07-23,0.20343764059404754,9117327614.133474,1088497490.0178118,ripple
2020-07-24,0.20818695285280153,9317240501.250225,1558970692.8591578,ripple
2020-07-25,0.2042966234637715,9164825016.57929,1451104338.1077611,ripple
2020-07-26,0.21426161557790874,9607904717.300404,1348536567.2629757,ripple
2020-07-27,0.21528330980922147,9655192377.359356,1517041766.201547,ripple
2020-07-28,0.22387632064128649,10031095202.674301,1826151829.5592408,ripple
2020-07-29,0.22995643899629792,10311201250.050516,1862380443.3500698,ripple
2020-07-30,0.2426965515770819,10884642645.428476,2015964293.046442,ripple
2020-07-31,0.24435884316605191,11025956249.094622,1678463250.1292753,ripple
2020-08-01,0.25923265617918223,11629863144.261322,1847648958.4997876,ripple
2020-08-02,0.2913018478979388,13102382209.080418,3150860709.8492293,ripple
2020-08-03,0.28630975029015604,12840645689.037197,4493672388.136328,ripple
2020-08-04,0.31009269952720975,13884633781.743803,3166695299.039239,ripple
2020-08-05,0.3006844248898732,13462388683.522419,2418576841.795307,ripple
2020-08-06,0.3023822645129705,13565668790.998877,1922038117.7264874,ripple
2020-08-07,0.30336700769757885,13609846976.87266,1861387417.2002969,ripple
2020-08-08,0.2938976678070039,13200238136.076149,4636202683.783627,ripple
2020-08-09,0.29388630365412904,13179779923.53841,1988635774.0523977,ripple
2020-08-10,0.28776096348798696,12903150357.63545,1915384481.2994814,ripple
2020-08-11,0.29418889600186643,13205041144.120667,2553724778.5855603,ripple
2020-08-12,0.28398286725502375,12779443008.676954,4975063105.047601,ripple
2020-08-13,0.2823902059280601,12671000194.634298,2427549933.5754943,ripple
2020-08-14,0.29433364365567655,13198440485.89151,2478119401.7520084,ripple
2020-08-15,0.2995466202839251,13455250546.009106,2173076304.2160726,ripple
2020-08-16,0.29931113568183204,13435515076.955982,2605016821.8602157,ripple
2020-08-17,0.3032923477695733,13623503827.413843,2521984969.298177,ripple
2020-08-18,0.3146297531934636,14132765558.945097,3420857738.9387383,ripple
2020-08-19,0.3029762978947723,13616539460.561516,2727046213.8384895,ripple
2020-08-20,0.29012669674711095,13039045107.718191,2493335942.2243185,ripple
2020-08-21,0.29225257818676637,13121088346.449871,2370638516.8312345,ripple
2020-08-22,0.2791806305823162,12559855812.78279,2286851251.474602,ripple
2020-08-23,0.2854389359353903,12828364996.706217,2079080814.4632735,ripple
2020-08-24,0.2851067954158283,12847345400.40493,1854462300.194022,ripple
2020-08-25,0.2889889462508965,12990310946.328604,1854683294.3507082,ripple
2020-08-26,0.277714277220598,12481198829.120821,2090806113.4462192,ripple
2020-08-27,0.27651090847081833,12444058389.73597,1722297777.186539,ripple
2020-08-28,0.2643129566362412,11892725357.024134,2044208784.585677,ripple
2020-08-29,0.2713516293652327,12209429474.405241,1662139152.0528982,ripple
2020-08-30,0.2743044410353674,12327872181.022144,1474071862.2568681,ripple
2020-08-31,0.28231066481099576,12698936383.28671,1797744333.9432154,ripple
2020-09-01,0.2824332033877913,12734844410.00787,1713133363.5142736,ripple
2020-09-02,0.29461882535601464,13354060728.872845,2200424987.252293,ripple
2020-09-03,0.2750951115567203,12382372183.463934,2141694657.2245405,ripple
2020-09-04,0.24528634018368428,11065297518.795168,1905179784.3997455,ripple
2020-09-05,0.25549889572209644,11509605205.140549,2213832554.2559366,ripple
2020-09-06,0.2371246990690675,10673276821.059345,2295524358.51172,ripple
2020-09-07,0.2394869983145511,10779606840.159895,1877164435.4658952,ripple
2020-09-08,0.2419253901835391,10890870593.009487,1999444569.4422069,ripple
2020-09-09,0.23644528243717094,10612102851.321522,1836240274.3074849,ripple
2020-09-10,0.23911660696787632,10762935066.23375,1664634671.0189152,ripple
2020-09-11,0.24300108452596714,10937780219.207964,1707722753.4164515,ripple
2020-09-12,0.24245595533237194,10913243278.057064,1582869715.0586348,ripple
2020-09-13,0.2462457036617809,11065127814.291183,1419186192.1654565,ripple
2020-09-14,0.2423228845096534,10882899642.99869,1590391766.8511598,ripple
2020-09-15,0.24619724094997353,11089299566.068031,1606167309.6798735,ripple
2020-09-16,0.24303385677974093,10924989830.669458,1656784495.1654375,ripple
2020-09-17,0.24721681201776985,11135223431.648582,1770612287.3259656,ripple
2020-09-18,0.25188079438064914,11385313831.484951,2004021133.6144068,ripple
2020-09-19,0.2500861615516868,11264465645.812262,1869517172.4901931,ripple
2020-09-20,0.25188767319648075,11350057025.953384,1705001457.9575903,ripple
2020-09-21,0.24639633759934934,11108885769.40159,1633405640.589034,ripple
2020-09-22,0.23165657547696566,10487928992.66827,2007044758.6876988,ripple
2020-09-23,0.2331628823635652,10492066944.17281,1595971759.2937121,ripple
2020-09-24,0.220603415902742,9962004555.544462,1403281426.5600727,ripple
2020-09-25,0.23269943296881682,10494131135.670378,1649632989.8135304,ripple
2020-09-26,0.24120724878904104,10889835408.523603,1460716986.2118957,ripple
2020-09-27,0.24148169015235318,10890187788.561167,1333243982.283363,ripple
2020-09-28,0.24223482636791577,10923070031.636724,1195058238.2178154,ripple
2020-09-29,0.2417008797939546,10909450364.66475,1470905663.8388202,ripple
2020-09-30,0.24284379123134617,10971187241.150055,1401216766.162057,ripple
2020-10-01,0.2413448305484734,10899063751.06877,1349173492.0133767,ripple
2020-10-02,0.23834728745856992,10764337318.910017,1415368386.555232,ripple
2020-10-03,0.23405931691768309,10556863497.81936,1493443327.1830103,ripple
2020-10-04,0.23280858759018197,10514196298.522305,1145307260.036307,ripple
2020-10-05,0.24798473904593277,11199587834.605822,1473868105.1706815,ripple
2020-10-06,0.2502197326334,11307554311.79234,1595356340.6613643,ripple
2020-10-07,0.24537989393058346,11084643136.206514,2034209028.9786022,ripple
2020-10-08,0.24828740607847744,11218818700.668955,1492371196.0073524,ripple
2020-10-09,0.2510242903592255,11334024210.08485,1472564328.7716405,ripple
2020-10-10,0.2532068473668065,11430599247.425383,1554527896.585378,ripple
2020-10-11,0.25419498847657096,11480057649.969584,1490278457.418809,ripple
2020-10-12,0.2551648551764613,11528592963.20647,1296567088.11271,ripple
2020-10-13,0.25600889580827507,11547933259.808218,1604712335.9012508,ripple
2020-10-14,0.2560156485194728,11579458886.39285,1614693932.0923936,ripple
2020-10-15,0.2496029200412671,11289545967.208305,1443292568.1826408,ripple
2020-10-16,0.24566060392770817,11112767380.445564,1255528005.873619,ripple
2020-10-17,0.24008484211029915,10874858493.814573,1284609568.4313276,ripple
2020-10-18,0.24089456466337247,10900012046.55129,1001465502.6832975,ripple
2020-10-19,0.2423149793877639,10954294383.128601,1091102779.5805285,ripple
2020-10-20,0.24607410414943875,11127972262.118706,1123099540.009736,ripple
2020-10-21,0.24348868191330514,11010364585.952297,1058484216.1747323,ripple
2020-10-22,0.25074143136061766,11329214560.353268,1488427410.241125,ripple
2020-10-23,0.2565068816779679,11608695449.016638,1809225301.7491198,ripple
2020-10-24,0.25459575935136547,11528694804.751501,1377767246.4234743,ripple
2020-10-25,0.25607692145127053,11583185134.49128,1065720691.8801731,ripple
2020-10-26,0.2528741516061227,11437584758.527473,986772444.8715435,ripple
2020-10-27,0.24857321838858923,11251937997.81557,1502596188.4010634,ripple
2020-10-28,0.25261267174415025,11442642257.775915,1466043827.7495875,ripple
2020-10-29,0.2461502127664269,11130573950.231762,1558391750.3345783,ripple
2020-10-30,0.24228689266556752,10984724881.899355,1445411416.5274038,ripple
2020-10-31,0.23861386233985746,10810777275.29966,1536363578.5097647,ripple
2020-11-01,0.23964967955674707,10856481131.012754,1338496256.239028,ripple
2020-11-02,0.23959737006119536,10850086644.81099,1192228486.9881938,ripple
2020-11-03,0.2354071291310812,10658907925.256021,1505085410.319655,ripple
2020-11-04,0.23945068188190569,10825564613.24112,1872205676.4893262,ripple
2020-11-05,0.23731496749607678,10743521737.795147,1835277991.8163948,ripple
2020-11-06,0.24551217214077564,11124604142.737074,2015568105.5288682,ripple
2020-11-07,0.25790509860171873,11704359403.324839,2223426440.8685336,ripple
2020-11-08,0.24895241737553578,11317038198.801226,2200117588.315933,ripple
2020-11-09,0.2536826612170206,11505066439.712793,1608358807.3372793,ripple
2020-11-10,0.2507418820679295,11352430154.034582,2036407256.192724,ripple
2020-11-11,0.25358971624621984,11490781189.881498,2283102329.2928214,ripple
2020-11-12,0.2558078141731928,11581743651.842678,1850729923.863295,ripple
2020-11-13,0.2544774022814587,11568349653.60645,1630173241.0836065,ripple
2020-11-14,0.2648847398933393,11967905201.744621,1990257295.6645842,ripple
2020-11-15,0.26855016993655373,12168486548.547995,2758537841.0898294,ripple
2020-11-16,0.2697450913919404,12225964205.426842,2253509325.842203,ripple
2020-11-17,0.2872437054360881,13020227238.11232,2619354064.0371037,ripple
2020-11-18,0.3021307416235462,13699226052.693602,3708626433.3566875,ripple
2020-11-19,0.29414452016877635,13333028438.790695,3536858599.256962,ripple
2020-11-20,0.30296022474478607,13688238714.07078,3299823590.057705,ripple
2020-11-21,0.3277601704282896,14856763848.314428,4031626953.711598,ripple
2020-11-22,0.46054586530497443,20875694423.800144,11568110626.132616,ripple
2020-11-23,0.4440995477248506,20263167572.455383,13267899387.434443,ripple
2020-11-24,0.6120580566284565,27755744126.98821,16337857185.588816,ripple
2020-11-25,0.6919616416524175,31379229573.72973,25054631707.694504,ripple
2020-11-26,0.6327004070529666,28365023766.984234,15881817933.691149,ripple
2020-11-27,0.5308775386405923,24167249535.986282,16365178183.68151,ripple
2020-11-28,0.5588811610780686,25290590706.82122,12327164429.379679,ripple
2020-11-29,0.6240390592147861,28482039221.782608,12099372210.01124,ripple
2020-11-30,0.6054386155414733,27374753041.126007,9754558134.524963,ripple
2020-12-01,0.6641238171287605,30191107728.904293,11254530543.020834,ripple
2020-12-02,0.6143821057518846,27852580172.90597,10829413534.042892,ripple
2020-12-03,0.6320169268594741,28652042370.99992,7999607157.515091,ripple
2020-12-04,0.6297547067388412,28523422427.20637,5936378170.104812,ripple
2020-12-05,0.5585692385543637,25322343136.79266,6782106960.236756,ripple
2020-12-06,0.5835748277615719,26383914795.40367,6182557946.629466,ripple
2020-12-07,0.6188654468605732,28055829285.312027,7685001707.48096,ripple
2020-12-08,0.6086984106196396,27593689253.630165,5608978769.602056,ripple
2020-12-09,0.5601848070615205,25538249072.542416,5817992263.594411,ripple
2020-12-10,0.5835430243217834,26432126584.83739,9778004331.334286,ripple
2020-12-11,0.5746631872358604,26129930568.260216,6957440057.227358,ripple
2020-12-12,0.5500897722415309,24942199061.447376,7973256774.815366,ripple
2020-12-13,0.5050623854281705,22932137899.870888,8191207377.440986,ripple
2020-12-14,0.510716060708318,23188566647.30845,6125622311.173101,ripple
2020-12-15,0.4975904536440543,22614178550.15045,4925747725.5478945,ripple
2020-12-16,0.46902231358591695,21274488732.630653,5591960738.97862,ripple
2020-12-17,0.5672060565944123,25131003383.146965,10642868836.239534,ripple
2020-12-18,0.5759350877585054,26149773219.36809,14476826984.942175,ripple
2020-12-19,0.5834703949502055,26367897241.432484,10572616271.292404,ripple
2020-12-20,0.5791575282446899,26296084999.493507,7861567140.236632,ripple
2020-12-21,0.5600658194601357,25235008585.15551,6619472982.510808,ripple
2020-12-22,0.517176018717592,23545991367.258896,7090693761.650875,ripple
2020-12-23,0.45132059419545256,20501594828.858875,11195910016.75438,ripple
2020-12-24,0.26050698013612983,12163610689.503866,14873825893.383224,ripple
2020-12-25,0.3448041215700403,16602939796.20576,15221335122.706177,ripple
2020-12-26,0.31808441970115464,14088171755.507318,13152417764.349289,ripple
2020-12-27,0.2953833439116206,13418021942.616997,7431667092.912673,ripple
2020-12-28,0.28414724389132995,13068762432.413218,7010555503.559292,ripple
2020-12-29,0.24613443432424192,11125026065.81033,5788819181.423517,ripple
2020-12-30,0.22140743326587264,10057607712.33219,10590299229.511705,ripple
2020-12-31,0.2120697554323437,9633436313.890484,6788558769.855404,ripple
2021-01-01,0.22053451628880869,9986921049.346117,4364513012.765856,ripple
2021-01-02,0.23743683484839662,10785755952.896763,4606019123.280501,ripple
2021-01-03,0.22186998314414794,10066602632.999481,3622428802.954543,ripple
2021-01-04,0.22563669593809668,10455111151.166016,3986801676.0503383,ripple
2021-01-05,0.23461847392850627,10578255930.15237,5235562377.385517,ripple
2021-01-06,0.22669902564356462,10299283152.408031,3965486346.3855453,ripple
2021-01-07,0.2523851552432814,11458017061.61058,5964831226.894267,ripple
2021-01-08,0.32539871330586934,14783360785.307053,13896459827.555267,ripple
2021-01-09,0.3215219169756062,14620012702.672577,7073230046.413266,ripple
2021-01-10,0.3291685242044116,14981088874.901352,5434746112.270671,ripple
2021-01-11,0.31868717998893553,14491113587.04244,7389910221.259051,ripple
2021-01-12,0.29034525666307204,13238979457.402128,7740853849.032595,ripple
2021-01-13,0.2935698883632647,13344731547.471989,5119148557.747889,ripple
2021-01-14,0.3064999201536099,13957393308.172102,3423237246.197349,ripple
2021-01-15,0.29597695623648135,13478198579.22908,3830269072.4567375,ripple
2021-01-16,0.2803368033210713,12758648527.012667,3539150045.4070897,ripple
2021-01-17,0.2802087671576728,12752821363.443003,3219537933.3068643,ripple
2021-01-18,0.27704592201615647,12608874407.39614,2702518877.421779,ripple
2021-01-19,0.2846371762289812,12954366484.188166,2636794498.898764,ripple
2021-01-20,0.2945111481648177,13433997245.77599,4329912741.449357,ripple
2021-01-21,0.29627784655251005,13484155008.268005,3435836186.364772,ripple
2021-01-22,0.2691929557994423,12251471331.286976,3432332258.4765797,ripple
2021-01-23,0.27318647107900834,12348108563.326498,3735006905.770562,ripple
2021-01-24,0.27142759423240986,12353173876.273672,2366507204.2381835,ripple
2021-01-25,0.27359188165054465,12456245392.6549,1991913877.8750145,ripple
2021-01-26,0.26866963018573875,12239551031.522264,2148246353.085917,ripple
2021-01-27,0.26855552578611364,12218188875.589693,1978755667.4820125,ripple
2021-01-28,0.25189792881979306,11407608804.15268,2101770534.4904563,ripple
2021-01-29,0.26357876672093344,12118698621.825148,2031290320.2196462,ripple
2021-01-30,0.282143162500032,12853353143.140347,5439789951.901406,ripple
2021-01-31,0.43085343036345514,19215011544.534508,19414333088.879105,ripple
2021-02-01,0.4916478062400711,22460670801.01922,18464504612.211376,ripple
2021-02-02,0.37042380457272894,16887446178.179226,25326949014.716194,ripple
2021-02-03,0.3692716435922792,17039497521.900589,8890335318.020376,ripple
2021-02-04,0.39489144954001704,17945935420.571823,5814855434.455073,ripple
2021-02-05,0.4478312095296225,20405940224.787098,8167579932.513847,ripple
2021-02-06,0.4509005614736691,20535328839.092148,6193490021.851766,ripple
2021-02-07,0.44197733914916787,20205229008.6856,4764275824.040723,ripple
2021-02-08,0.41885852514751276,19158415883.033073,4600927431.562356,ripple
2021-02-09,0.45357194589415123,20468514863.339752,4843449977.613201,ripple
2021-02-10,0.4725235786071262,21583065336.769062,5664958932.603473,ripple
2021-02-11,0.5035045440234706,22982765730.237637,9594865064.681908,ripple
2021-02-12,0.525723076120374,23856145163.797523,5044099241.561654,ripple
2021-02-13,0.6107211056165796,27960966907.84191,8414105411.093184,ripple
2021-02-14,0.6299175792014798,28721338583.23619,8313557340.693602,ripple
2021-02-15,0.5930532342085324,27087614068.25724,6924719591.747257,ripple
2021-02-16,0.547923341309286,25026313241.817905,7365881442.587182,ripple
2021-02-17,0.5223534662432514,23858413182.24458,6802700451.816495,ripple
2021-02-18,0.5364850178225575,24600084027.406086,6208398652.824409,ripple
2021-02-19,0.5340092777515143,24401068320.804165,5131652517.088255,ripple
2021-02-20,0.570529085079073,26073015135.898396,6614816653.231531,ripple
2021-02-21,0.517678551092477,23657760929.564903,6373516533.454249,ripple
2021-02-22,0.550907164651171,25191390487.04061,5724101112.7970705,ripple
2021-02-23,0.5759370730614737,26315783830.375607,15576169123.11184,ripple
2021-02-24,0.4730045202749351,21616170566.952755,12601693025.426659,ripple
2021-02-25,0.4716137861773422,21552614418.590008,6628251875.245143,ripple
2021-02-26,0.4322793325595881,19755041198.644775,5374923641.563785,ripple
2021-02-27,0.4300942268493778,19740260345.517567,6481821746.793152,ripple
2021-02-28,0.44309358623258405,20027896981.23032,4674293764.747475,ripple
2021-03-01,0.4138281135889511,18911825797.223972,4487418197.58171,ripple
2021-03-02,0.44788571035810554,20552651911.176292,3457084099.710941,ripple
2021-03-03,0.4372064358385168,20062243305.49367,3237450086.7149215,ripple
2021-03-04,0.4506482993644011,20695029438.915802,3428688631.9957685,ripple
2021-03-05,0.4832646814050099,22099684135.6188,5945941442.735083,ripple
2021-03-06,0.4590497723869844,20924229172.953815,4145638369.123248,ripple
2021-03-07,0.46397381121697406,21217513030.920322,2805029015.7978253,ripple
2021-03-08,0.4671623972512868,21346485941.39555,2490033476.6694694,ripple
2021-03-09,0.475372981241661,21854816055.903694,3582893865.7216153,ripple
2021-03-10,0.4862369216972623,22264238440.69771,3069391216.7494736,ripple
2021-03-11,0.46290611981693225,21262253816.11749,3357543728.4252443,ripple
2021-03-12,0.45338655574763503,20746293012.117126,3087260615.7506223,ripple
2021-03-13,0.4404437709987498,20167421887.68146,3230733051.0779204,ripple
2021-03-14,0.46094646816105167,21131015891.193703,3242064887.3609934,ripple
2021-03-15,0.4430734609001456,20362356691.720158,2509836806.132479,ripple
2021-03-16,0.43733356541721274,20046575704.500507,3253641646.0078254,ripple
2021-03-17,0.4610837639261478,21256330225.999702,5682003788.127116,ripple
2021-03-18,0.47353270436981887,21705878435.49229,4079649095.787073,ripple
2021-03-19,0.47236193099787394,21683764043.52461,3352407082.331825,ripple
2021-03-20,0.46873997633363473,21486188493.978672,2169639378.5943007,ripple
2021-03-21,0.5275777913982836,24299248758.427185,5375557395.352597,ripple
2021-03-22,0.5188056655394946,23912350892.242435,4568448767.56636,ripple
2021-03-23,0.5466715495213489,25443377644.783222,7756576662.830204,ripple
2021-03-24,0.5539316085451409,25328216010.82461,6422561790.015287,ripple
2021-03-25,0.48641604303514624,22421022550.637875,4542722141.91615,ripple
2021-03-26,0.5114260573573015,23454220010.3365,5235387294.759055,ripple
2021-03-27,0.5674371524314464,26022913036.415676,5591212650.382159,ripple
2021-03-28,0.5478679445266175,25186564703.1959,3443735178.039274,ripple
2021-03-29,0.5508514715605831,25262286543.943695,3064078618.6259146,ripple
2021-03-30,0.5658188175083124,25942283784.411938,3316079018.5024614,ripple
2021-03-31,0.5665694123161319,25985680163.48191,3796053087.5094423,ripple
2021-04-01,0.5738184047382427,26345850652.65566,4729377042.2717085,ripple
2021-04-02,0.5706176387429038,26156246584.42219,4048061361.3217688,ripple
2021-04-03,0.6044974611582614,27689105144.11829,4525145344.691889,ripple
2021-04-04,0.577287680424983,26697487988.47653,5518969358.259809,ripple
2021-04-05,0.6333526453068182,28867765642.151623,4103397668.682517,ripple
2021-04-06,0.9074547526990332,41446009348.247505,21036746727.320385,ripple
2021-04-07,1.097633770923746,50389991767.084885,29325146992.950333,ripple
2021-04-08,0.9221401420253109,42704151358.50662,18282720202.98182,ripple
2021-04-09,1.050768096482137,48192343014.51859,11293815426.956215,ripple
2021-04-10,1.0249751336804138,47443263646.75937,8727138023.869122,ripple
2021-04-11,1.3712758232576907,62809519330.02565,23515619924.123764,ripple
2021-04-12,1.351951907269389,61944875382.23251,19326679264.724567,ripple
2021-04-13,1.4634118897920012,66682095016.478325,12789605612.875385,ripple
2021-04-14,1.7878726912934242,82194439880.46928,28235221430.529316,ripple
2021-04-15,1.837676647316653,84389055763.71935,24111604957.816223,ripple
2021-04-16,1.7570907728716414,80621962486.44653,14139350013.954796,ripple
2021-04-17,1.5693489075445954,72810668537.58891,18725728482.663166,ripple
2021-04-18,1.5483167850731618,71413494678.56975,13404046754.476355,ripple
2021-04-19,1.4107717923413052,64857860313.74,20913023483.11293,ripple
2021-04-20,1.3148908238252734,60778792590.85363,15852407594.252705,ripple
2021-04-21,1.37713483282225,63746186778.71684,14743108801.897842,ripple
2021-04-22,1.3067888710923214,60129127303.288475,11764093109.903234,ripple
2021-04-23,1.1731372843894372,54216823754.63583,16529859712.996859,ripple
2021-04-24,1.1661328150232613,53657136235.37748,18020573494.848232,ripple
2021-04-25,1.0525470478085406,48871830051.980896,8029835982.134522,ripple
2021-04-26,1.0348180008169663,47614962664.0507,7637052936.820933,ripple
2021-04-27,1.3602811624977584,62600752594.473076,14255681129.15288,ripple
2021-04-28,1.4012503983945843,64486175307.857185,12515733554.089434,ripple
2021-04-29,1.3622756938570046,62692541827.17323,8368326797.080264,ripple
2021-04-30,1.3978073532674413,64327724818.26861,7019315268.6032095,ripple
2021-05-01,1.592106469985735,73298828829.0944,12717580116.434683,ripple
2021-05-02,1.6541179641605637,76025679530.23318,7745297309.433079,ripple
2021-05-03,1.561172380895276,71701291962.31635,6894666499.901233,ripple
2021-05-04,1.5572160443626692,71679793845.11757,7510975851.47531,ripple
2021-05-05,1.387454800867085,64259873894.806694,12073843733.087873,ripple
2021-05-06,1.6140228560739238,74138782426.5491,12685436992.408918,ripple
2021-05-07,1.6022779267397156,73754025260.05373,14861639652.663086,ripple
2021-05-08,1.5834040495790822,72785522492.3733,9802310917.899206,ripple
2021-05-09,1.5646144361837921,72020347233.61066,5932468398.375749,ripple
2021-05-10,1.5331757649769135,70558561783.21365,7593788112.904957,ripple
2021-05-11,1.3997437570206521,64451974677.036804,10555573612.617239,ripple
2021-05-12,1.4766660629758201,67993904755.77808,7959636910.105108,ripple
2021-05-13,1.2870709951618722,61123682935.37894,10241877058.688364,ripple
2021-05-14,1.359471149169653,62597600197.15654,11980394044.470087,ripple
2021-05-15,1.4079242908866674,64571597603.9546,7123946291.142219,ripple
2021-05-16,1.476855373302116,68002621654.34993,12551722233.328247,ripple
2021-05-17,1.459941089872939,67223794128.39051,11955232328.358067,ripple
2021-05-18,1.4867235149958233,68590542697.55028,11777377469.772886,ripple
2021-05-19,1.5980937497920007,72852567696.53607,13934083456.641142,ripple
2021-05-20,1.0857565408286391,50091782111.2559,18312047629.492798,ripple
2021-05-21,1.1756440637168841,54238776434.31301,12727830549.744081,ripple
2021-05-22,1.0004511919230625,46156188090.29648,10144542507.394915,ripple
2021-05-23,0.9073386931415942,41860408304.124275,8164115632.892728,ripple
2021-05-24,0.800098165342829,36912826641.026886,9753740534.809917,ripple
2021-05-25,0.985859021990727,45475035158.975365,8171181757.629337,ripple
2021-05-26,0.9692612688740199,44725206891.78951,9073167435.01299,ripple
2021-05-27,1.0332068928012161,47675888355.92232,7008804902.177836,ripple
2021-05-28,0.9715671557185841,44831608818.18857,5711826339.642609,ripple
2021-05-29,0.8956220322743995,41327227215.889,6529477329.02328,ripple
2021-05-30,0.8344659624076278,38784269249.758804,5609808156.140347,ripple
2021-05-31,0.9054699787114087,41726594494.88639,4570869242.912308,ripple
2021-06-01,1.0414131362201615,48054553991.807175,6691379571.899238,ripple
2021-06-02,1.0113344632384653,46674110292.99546,6148630529.12447,ripple
2021-06-03,1.0250645299812036,47256850790.178375,3994210155.4317665,ripple
2021-06-04,1.0507204617977066,48491814037.47901,4088714903.3976574,ripple
2021-06-05,0.9706847900041895,44809104088.392914,4190246447.9744473,ripple
2021-06-06,0.9233783109950389,42302337683.14435,3708513148.3181024,ripple
2021-06-07,0.941945875377369,43471756649.737526,2623774416.9185123,ripple
2021-06-08,0.8545223211275653,39437071032.286285,3741492369.396079,ripple
2021-06-09,0.8757601965321159,40450990715.74534,5068666284.185733,ripple
2021-06-10,0.911214403091132,42088605425.836,4800163646.11722,ripple
2021-06-11,0.8748163077058673,40461589120.176155,3598275137.988906,ripple
2021-06-12,0.8471675674249741,39130309347.56748,2718211293.129297,ripple
2021-06-13,0.8350156355659321,38569016787.39522,2834495585.978342,ripple
2021-06-14,0.8860264997320967,40925186890.76209,2761114938.2172465,ripple
2021-06-15,0.8928141249740629,41253166682.60748,3268149002.723709,ripple
2021-06-16,0.872464326158809,40312888500.39617,2862140885.0995646,ripple
2021-06-17,0.8358306490753268,38620201137.317535,3220071877.858448,ripple
2021-06-18,0.8448349081677214,38819180172.98798,2511575473.3286705,ripple
2021-06-19,0.7983270674267462,36932589366.38297,2429585732.7410707,ripple
2021-06-20,0.761459550633087,35221141669.96444,2038711275.862578,ripple
2021-06-21,0.7770463247906351,35815532872.76087,3136090755.043623,ripple
2021-06-22,0.6186567449822078,28871387082.357655,4957263283.188504,ripple
2021-06-23,0.5517693616839368,25450718833.253757,6329008646.890634,ripple
2021-06-24,0.6426176789007471,29694967545.318787,5631237222.316207,ripple
2021-06-25,0.6716012213547248,31057874496.418858,3071983450.0651217,ripple
2021-06-26,0.620105198108627,28700209150.03127,3395191639.1059484,ripple
2021-06-27,0.611711687348678,28325396042.471207,2672873984.7428856,ripple
2021-06-28,0.6507132008769695,30171056185.70429,2318742760.031586,ripple
2021-06-29,0.6488563939917608,29942729066.831112,2838366693.7156167,ripple
2021-06-30,0.706366183889607,32605743402.647835,4215461674.407378,ripple
2021-07-01,0.6996532766642078,32268800761.051617,3241276897.32878,ripple
2021-07-02,0.6638724587724228,30647057119.673344,2684814772.462972,ripple
2021-07-03,0.6546725767914099,30215830565.461456,2075137068.984085,ripple
2021-07-04,0.6747676923040596,31138455875.288597,1807223370.9838073,ripple
2021-07-05,0.6968995104043215,32159771283.85795,1664617403.3035553,ripple
2021-07-06,0.6590399913108745,30453863819.504448,1948795190.1724856,ripple
2021-07-07,0.6662899993882386,30723093719.801144,1937393189.3106942,ripple
2021-07-08,0.6530460312591974,30147793682.466793,1618780258.2645764,ripple
2021-07-09,0.6247610645746885,28843574198.216454,2049499074.2725823,ripple
2021-07-10,0.6424991973732445,29681644971.035645,2350318273.957575,ripple
2021-07-11,0.6287264607906748,29048791926.905113,1673959405.818035,ripple
2021-07-12,0.6385084267793238,29486316673.96478,1337323439.0925708,ripple
2021-07-13,0.6336448787059497,29247980265.760162,1674043993.3039484,ripple
2021-07-14,0.6199605865682292,28670030241.537884,1552901484.8336897,ripple
2021-07-15,0.6227052156887538,28779372130.819828,1930227964.4947252,ripple
2021-07-16,0.5967255195676217,27694734252.607735,1583678938.3983681,ripple
2021-07-17,0.5913725404424245,27201988882.770893,1488773939.655788,ripple
2021-07-18,0.5852641997905791,27109511265.747284,1604653849.4093466,ripple
2021-07-19,0.5897955823329759,27175846391.033463,1167325757.066883,ripple
2021-07-20,0.5601383605955838,26075532617.71391,1389516652.8589418,ripple
2021-07-21,0.5323514543433043,24615569713.49713,1679476183.743073,ripple
2021-07-22,0.5737055813634152,26445756208.820633,2019404552.77175,ripple
2021-07-23,0.5950738476348508,27517390338.90026,2245674032.11694,ripple
2021-07-24,0.6094632044963907,28196999500.970444,1813927386.3669374,ripple
2021-07-25,0.6110446430727691,28269947663.60385,1614041890.5268197,ripple
2021-07-26,0.6125591728144815,28326472774.149746,1383796680.001531,ripple
2021-07-27,0.623983788986763,28868798734.47323,3564334796.5071845,ripple
2021-07-28,0.6422631283228032,29723719168.358337,3032121794.804283,ripple
2021-07-29,0.7242550876175754,32852692988.230244,6697161375.931053,ripple
2021-07-30,0.7497844962597139,34826525034.87061,4216397874.8733854,ripple
2021-07-31,0.7543775937140769,34956569128.79335,4070677889.3198047,ripple
2021-08-01,0.7502964501644548,34822531550.131996,3136242263.0041757,ripple
2021-08-02,0.7269649380557404,33490734955.83339,3243277119.218785,ripple
2021-08-03,0.7416943188793625,34349676133.534256,3341261818.620836,ripple
2021-08-04,0.7170384074303042,33218265132.768913,2831324444.739079,ripple
2021-08-05,0.7314367904089276,33994364798.13678,2915778567.791885,ripple
2021-08-06,0.734172412850372,34143817201.28548,2696635219.191347,ripple
2021-08-07,0.7458480786964081,34633334804.98132,2823587160.453554,ripple
2021-08-08,0.8163899784247708,37894868456.38714,4488674219.078024,ripple
2021-08-09,0.7812431839912185,36263438396.09534,4467786533.002503,ripple
2021-08-10,0.8160049567711566,37583709631.508995,4313429775.211553,ripple
2021-08-11,0.8538180389687648,39514002150.6668,4471863525.357776,ripple
2021-08-12,1.0058872545464765,46598977910.73202,8624878007.739822,ripple
2021-08-13,0.9659471173643737,44736297538.85398,7982967680.979009,ripple
2021-08-14,1.0882573655865535,50454533105.66228,6770637886.2024555,ripple
2021-08-15,1.2768123622747267,60003066118.75983,12155352324.285776,ripple
2021-08-16,1.2817798754722616,59584210571.94573,10902516170.194801,ripple
2021-08-17,1.1918799071113604,55864357102.57856,8267311800.322677,ripple
2021-08-18,1.0944855705972716,50803400116.72417,7615205365.500671,ripple
2021-08-19,1.1558972500791076,53716679098.06286,8061965404.006682,ripple
2021-08-20,1.1852489496278933,54568786813.40489,5252378789.9310875,ripple
2021-08-21,1.2584294715021178,58384958845.834984,6979164637.937753,ripple
2021-08-22,1.2197381897444493,56683485420.240036,5229699024.887526,ripple
2021-08-23,1.2246487645120476,57001021097.1346,4757633980.348473,ripple
2021-08-24,1.2487668631389008,58032501462.3368,6713418548.767188,ripple
2021-08-25,1.1458793612657157,53731037233.17458,6389709602.506549,ripple
2021-08-26,1.170876776871693,54461699709.8884,4651023694.044695,ripple
2021-08-27,1.0955133852336967,51253633200.265205,4741112858.195668,ripple
2021-08-28,1.1805811945514972,54816173108.79227,4927038356.466052,ripple
2021-08-29,1.14848558655292,53420204731.61571,3356486936.2898917,ripple
2021-08-30,1.1440525854699375,53214009871.00871,3051611593.028822,ripple
2021-08-31,1.106189235053155,51552699668.6147,3388125204.9344516,ripple
2021-09-01,1.191610433585163,55449845566.08223,5799191345.955378,ripple
2021-09-02,1.2318568493947302,57176500918.343796,4776288908.80461,ripple
2021-09-03,1.2573255129034822,58518869426.32522,5088919871.219462,ripple
2021-09-04,1.291252384471998,60097905361.71874,5627962921.351644,ripple
2021-09-05,1.2532249149224715,58328018007.69259,3879457061.050158,ripple
2021-09-06,1.2984832643777857,60369683926.971634,3722441377.0724664,ripple
2021-09-07,1.3911304469034182,64681235824.03411,7118678175.874282,ripple
2021-09-08,1.131348061182022,52560384655.15143,8624946310.927073,ripple
2021-09-09,1.1056689280662244,51742102326.78837,7312860365.762958,ripple
2021-09-10,1.0912461914893277,50955416305.62672,4560820267.419777,ripple
2021-09-11,1.0535526974723732,49040455295.85219,5795054546.938835,ripple
2021-09-12,1.0752209314359358,50064588773.404015,3715232220.3536344,ripple
2021-09-13,1.1169842609284972,52198672027.55827,3465975902.9797125,ripple
2021-09-14,1.068604148677846,49713889918.76721,4231526906.016336,ripple
2021-09-15,1.096311313495669,51112488081.680565,3535592613.053136,ripple
2021-09-16,1.1188839268554256,52164873856.70661,3333096499.5505505,ripple
2021-09-17,1.090957634109528,50840881076.693855,3353442627.8817763,ripple
2021-09-18,1.0676582584217478,49776618499.80079,3302953461.8778715,ripple
2021-09-19,1.0758127160149578,50095864483.0054,2826213578.2064643,ripple
2021-09-20,1.0490216603570472,48976892028.34062,2689597572.7479634,ripple
2021-09-21,0.9219523462131592,42739802420.452415,5679575996.083541,ripple
2021-09-22,0.8667768999124397,40536055692.84123,4843258119.06593,ripple
2021-09-23,0.9970202456951557,46525234505.14472,5342990578.20909,ripple
2021-09-24,1.000436281381362,46670917777.496605,4349288006.629749,ripple
2021-09-25,0.9409389925960898,44406741436.03866,5002962524.012147,ripple
2021-09-26,0.9425529621409652,44234883872.336235,3397129864.947502,ripple
2021-09-27,0.945767340044055,44610627727.601494,3744659769.9889674,ripple
2021-09-28,0.9227647628979543,43056599715.41218,3535317785.246621,ripple
2021-09-29,0.898182776890135,42026727617.622604,3255751838.192269,ripple
2021-09-30,0.9281598600445693,43276000832.10583,4115648364.824045,ripple
2021-10-01,0.9529966405748881,44546255848.781906,3810704690.68687,ripple
2021-10-02,1.041123216492475,48635128492.83734,5450641793.35395,ripple
2021-10-03,1.0400949689546977,48624896672.828384,4306337139.6944275,ripple
2021-10-04,1.0558307110700278,49365458816.466354,3984603570.9359837,ripple
2021-10-05,1.0437072356808659,48793771729.00825,4055935516.5868344,ripple
2021-10-06,1.085381037917221,50742040289.27556,4618206775.554543,ripple
2021-10-07,1.0783609291517349,50510105397.084496,4763213321.928321,ripple
2021-10-08,1.0689411075660604,50032615318.54273,4109614452.9961433,ripple
2021-10-09,1.0614650033600554,49574670484.36498,3619180042.9510336,ripple
2021-10-10,1.164184622292562,54500306202.6913,5215457308.273685,ripple
2021-10-11,1.1360668412266464,53174487201.32791,5873832688.556178,ripple
2021-10-12,1.1330371883980321,52826755743.18047,5387182320.602415,ripple
2021-10-13,1.1014676454979804,51575328749.387634,4900506651.734668,ripple
2021-10-14,1.128457291689578,52904409166.68246,4776071703.094285,ripple
2021-10-15,1.1323296666545746,53092666834.4863,4426576203.664879,ripple
2021-10-16,1.145759547685495,53654404126.03082,6336537375.785692,ripple
2021-10-17,1.1385957390003698,53515008800.351616,5199617764.454336,ripple
2021-10-18,1.0925155626661034,51215070062.497025,4324902488.195447,ripple
2021-10-19,1.0812358492867855,51082154781.4788,4174250709.2106714,ripple
2021-10-20,1.0943871012139437,51167582884.696075,3583236811.93044,ripple
2021-10-21,1.1435470026599415,53654051903.943184,4201205302.3442516,ripple
2021-10-22,1.0929614739451723,51293226624.23202,4665290692.849945,ripple
2021-10-23,1.0934905806691104,51357605672.02348,4143499527.4525847,ripple
2021-10-24,1.095154986811329,51425869926.66042,3315966734.6826644,ripple
2021-10-25,1.0849136418505294,50856627372.07209,3311243968.644989,ripple
2021-10-26,1.0958283643026163,51540864623.922,3497945390.7252803,ripple
2021-10-27,1.105727143387618,52124585331.5793,4594057660.506596,ripple
2021-10-28,0.996836752619904,46866516355.16261,5937361026.283024,ripple
2021-10-29,1.0587801978680311,49800059933.16295,6170566995.369246,ripple
2021-10-30,1.0834103873992738,50786029526.88663,4824774933.090287,ripple
2021-10-31,1.0758992453555496,50566114767.03765,4190514902.8476267,ripple
2021-11-01,1.1143882936902771,52393229939.57826,6015356674.923554,ripple
2021-11-02,1.0934533521014969,51393344971.35801,4635542909.623682,ripple
2021-11-03,1.1366587277819378,53415011179.1182,4571603615.529947,ripple
2021-11-04,1.2088823954696684,56780580558.89655,7581930544.08609,ripple
2021-11-05,1.200913826990432,55830878969.167984,5642672341.455357,ripple
2021-11-06,1.1622964291452975,54740175009.61684,4233745983.9072695,ripple
2021-11-07,1.1519973721059782,54193429674.51924,3646729112.5295153,ripple
2021-11-08,1.219290185560037,57472702553.16003,4196593069.9279795,ripple
2021-11-09,1.287089052369683,60874912549.54917,6510421242.806361,ripple
2021-11-10,1.2617122958767892,59453346956.008064,5162156736.937613,ripple
2021-11-11,1.1883132886401981,55649461110.10411,6861365706.089187,ripple
2021-11-12,1.2176287356871103,57494245414.409386,4931779012.400676,ripple
2021-11-13,1.1942130805718565,56317864715.8241,4349613837.684128,ripple
2021-11-14,1.1936921583345361,56293298557.09905,3253100665.457899,ripple
2021-11-15,1.1929348852566946,55951324170.01716,2783129146.692004,ripple
2021-11-16,1.1755600254518253,55534908930.01491,3251109168.690187,ripple
2021-11-17,1.0966493653758616,51599269663.09816,4835970888.340764,ripple
2021-11-18,1.1004596250989471,51594668705.87203,3754088424.9534965,ripple
2021-11-19,1.0375367096779058,48929167670.27969,4952670979.680258,ripple
2021-11-20,1.0913054764142485,51349868689.57812,3888778263.5930333,ripple
2021-11-21,1.1003032895930926,51889175238.31417,2851544952.4843826,ripple
2021-11-22,1.069316317572408,50711625089.19429,2255387934.7151833,ripple
2021-11-23,1.0367725124482448,48855446959.72306,3053644475.667097,ripple
2021-11-24,1.0666446242962693,50301867085.74057,3406271729.2301126,ripple
2021-11-25,1.0324344122101776,48664111213.885345,3196925598.8004704,ripple
2021-11-26,1.0425045005327793,49163443594.61245,3323374794.836688,ripple
2021-11-27,0.9395105333823327,44210729012.078995,4293632294.1260257,ripple
2021-11-28,0.9410355855791527,44336654042.92713,2784594053.442488,ripple
2021-11-29,0.9667814783314153,45579229249.57213,3009148429.120391,ripple
2021-11-30,0.9913792344534323,46807842263.10092,3236264412.1393714,ripple
2021-12-01,0.9976494002579189,47048123045.71624,3219272264.014356,ripple
2021-12-02,0.9903099747669621,46758577987.40217,4045490613.2193785,ripple
2021-12-03,0.9792298396544113,46300485388.87274,3089519334.539089,ripple
2021-12-04,0.9217083373410974,43548226427.108055,3067689842.36456,ripple
2021-12-05,0.8432874106920727,39946504040.82354,6263701028.878763,ripple
2021-12-06,0.8021016424347099,37897133536.91342,3815886284.097819,ripple
2021-12-07,0.8241786091202077,38940210511.585495,3785804089.062999,ripple
2021-12-08,0.8170006530986526,38601071500.418205,3236833724.1647673,ripple
2021-12-09,0.8604950737122439,40656065255.449844,3573691587.60382,ripple
2021-12-10,0.8668183425176378,40954822606.92518,4568607272.285156,ripple
2021-12-11,0.7987992644903693,37741105109.436134,3711198782.3999896,ripple
2021-12-12,0.8370445571139629,39548091761.79502,2958769246.612882,ripple
2021-12-13,0.8398763961847019,39681888499.94044,2575643244.7269173,ripple
2021-12-14,0.7815983218419756,36975860235.2817,3029881075.4716115,ripple
2021-12-15,0.8113031482462705,38320974597.67936,3764420162.373208,ripple
2021-12-16,0.8291672579272524,39175910677.259605,3907096831.805005,ripple
2021-12-17,0.8097740287353964,38189684295.14045,2977216204.777967,ripple
2021-12-18,0.8015706035608363,37872043386.174675,3150197393.749876,ripple
2021-12-19,0.8298301709115998,39207231523.100174,2814179207.0815516,ripple
2021-12-20,0.8360810885092015,39502570475.66171,2607034699.0666575,ripple
2021-12-21,0.8870321270036085,41949396100.263,5198337121.310719,ripple
2021-12-22,0.9505444057615736,44974972561.30616,4640780123.246594,ripple
2021-12-23,0.9581270482180488,45235063039.09493,4280427620.6701674,ripple
2021-12-24,0.9961806163957586,47262504686.86194,5340836026.841107,ripple
2021-12-25,0.9138028897022306,43438501700.20997,3956089362.117495,ripple
2021-12-26,0.9278571385084833,44106583972.1587,2459150767.314069,ripple
2021-12-27,0.9218739334180142,43822166547.54349,2279713280.89258,ripple
2021-12-28,0.9281516465629353,44120583696.57214,2696398138.77489,ripple
2021-12-29,0.8579611972670144,40784012992.497345,2998170978.022172,ripple
2021-12-30,0.8197794434093449,38969006497.60233,2780329731.337543,ripple
2021-12-31,0.8404662013408024,39952371487.69365,2375836806.16021,ripple
2022-01-01,0.8313977181010497,39521292390.58477,2252303692.382884,ripple
2022-01-02,0.8509994996615762,40453081982.45346,1784805589.729289,ripple
2022-01-03,0.8598583053581368,40928936335.45811,1750696335.7998545,ripple
2022-01-04,0.8344733967743158,39667497742.72751,1965549993.9618895,ripple
2022-01-05,0.8251444343524369,39372072384.767006,2130875732.6783779,ripple
2022-01-06,0.7767865891534059,37016373098.110214,2694718977.663249,ripple
2022-01-07,0.7831224344196491,37364002396.49064,2602668509.463569,ripple
2022-01-08,0.7644151449754191,36426581574.17674,2846907907.4084826,ripple
2022-01-09,0.7489659652322483,35742954145.162506,2189023625.6248217,ripple
2022-01-10,0.7557725172500546,35888908513.520424,1509097856.9053414,ripple
2022-01-11,0.7410376946951257,35256497135.60703,2640172981.2978945,ripple
2022-01-12,0.7727293031543855,36764295066.6237,2379143840.2570167,ripple
2022-01-13,0.802594097494461,38156686082.61434,2662230500.7550983,ripple
2022-01-14,0.7715666119046157,36738241655.41219,2253993188.5968766,ripple
2022-01-15,0.7740444354801548,36893370983.00779,2142880580.93607,ripple
2022-01-16,0.7826827626015643,37238112155.95848,1749569966.297465,ripple
2022-01-17,0.7794722307417731,37152076627.061,1714842895.978317,ripple
2022-01-18,0.7648336227276872,36467550909.227,2106153055.4637177,ripple
2022-01-19,0.7526063988170055,35928632965.60265,2140369166.8100421,ripple
2022-01-20,0.739881066058622,35361191998.402435,2106991082.2831686,ripple
2022-01-21,0.7202016893369474,34534739952.51737,2012483751.9288023,ripple
2022-01-22,0.6378644563628371,30525594005.19316,3571190454.459163,ripple
2022-01-23,0.5994046390832135,28567576973.565277,4042933250.3269677,ripple
2022-01-24,0.6293953478321436,30045394326.185913,2380836270.455122,ripple
2022-01-25,0.6152955980298455,29396856512.62248,3185161141.2267537,ripple
2022-01-26,0.620497233041747,29620625747.012314,2500106156.591868,ripple
2022-01-27,0.6231797877754578,29801890236.89736,3242791082.7998934,ripple
2022-01-28,0.6102062555503397,29129366194.81477,2752172909.832315,ripple
2022-01-29,0.6135256035362685,29287821638.577694,2625552677.813721,ripple
2022-01-30,0.6182696996646961,29445353884.42251,2292738751.3174086,ripple
2022-01-31,0.6043668972409529,28850613224.012375,2120800271.1205068,ripple
2022-02-01,0.6205877854732952,29553290453.17287,2593396517.1199713,ripple
2022-02-02,0.6302230740980508,30084907427.353535,2553543909.3620844,ripple
2022-02-03,0.6032174285240043,28766534259.757153,2495342755.8027205,ripple
2022-02-04,0.6096545032975765,29161275665.801453,2386661276.5350885,ripple
2022-02-05,0.6572998399694618,31113642593.887524,2909130867.7860937,ripple
2022-02-06,0.6686843426074051,32145115972.23587,2530469004.389346,ripple
2022-02-07,0.6852335146264104,32810995566.6311,1777811138.8311546,ripple
2022-02-08,0.8300394579696281,39506496107.51002,4986719034.923662,ripple
2022-02-09,0.8808003204859144,42130847575.61262,6887902807.173895,ripple
2022-02-10,0.8789425435462876,42196654317.52713,4535621390.0793,ripple
2022-02-11,0.8345105144850875,40079653442.91532,3983078310.331958,ripple
2022-02-12,0.76169650186355,36423431829.04126,3708716005.6494393,ripple
2022-02-13,0.8245304978471271,39120421789.46051,3853073023.8076897,ripple
2022-02-14,0.8119315770010118,38806859793.893555,3085176044.0806017,ripple
2022-02-15,0.8033483751203703,38448661595.62696,3147538928.000717,ripple
2022-02-16,0.852479109500555,40834438279.59535,3043829789.363568,ripple
2022-02-17,0.8391807513652728,40187017225.8397,2930845329.80358,ripple
2022-02-18,0.7685094510286997,36963479625.065254,3303770867.844775,ripple
2022-02-19,0.7877906414879072,37773994946.58903,3429752250.87647,ripple
2022-02-20,0.8251095338668498,39561276267.6763,4253979000.495266,ripple
2022-02-21,0.7782770648932236,37317825787.82265,3922516717.5710244,ripple
2022-02-22,0.7055393424691266,33972778766.692947,4439011970.562481,ripple
2022-02-23,0.7259376269724716,34808187364.35561,4599434726.372438,ripple
2022-02-24,0.7016957279611102,33701843282.350643,3840839043.6681924,ripple
2022-02-25,0.6976871071064188,33453595245.003593,5932775744.138649,ripple
2022-02-26,0.7712477777385272,36980776521.84238,4633609414.809206,ripple
2022-02-27,0.7517707837988913,35942263895.59888,4076260609.6079364,ripple
2022-02-28,0.7210985760953721,34581739036.304855,3731215035.1125417,ripple
2022-03-01,0.7828558999446412,37500615316.86525,4355925146.495378,ripple
2022-03-02,0.7872744283758254,37744545801.86735,3831187527.9892244,ripple
2022-03-03,0.7682135605580057,36857824863.63222,3145198651.708127,ripple
2022-03-04,0.7531647576655045,36230318096.370834,3246276258.46261,ripple
2022-03-05,0.7131881596552319,34196859571.601543,3340359216.669842,ripple
2022-03-06,0.75586980723784,36199173075.572495,3644210569.6312237,ripple
2022-03-07,0.7268241819511676,34850697038.2734,3212597507.684128,ripple
2022-03-08,0.7241520832461399,34699488211.455986,4149973566.529719,ripple
2022-03-09,0.7206531553362463,34608063705.636986,3407151329.6439953,ripple
2022-03-10,0.7680866721173992,36825355524.15274,3989146224.5449605,ripple
2022-03-11,0.7378000313258812,35355341438.5968,3914195838.985968,ripple
2022-03-12,0.802186612999849,38564286814.264175,4887949135.758494,ripple
2022-03-13,0.7862234817530646,37752795220.75425,5030802269.117742,ripple
2022-03-14,0.7619373501661538,36608123215.65504,3630836811.535966,ripple
2022-03-15,0.7751485976071154,37138477845.663216,3789866664.84478,ripple
2022-03-16,0.7664837658571177,36906247283.91733,3438081456.373995,ripple
2022-03-17,0.7943801513863666,37530785877.27055,4063597298.4246235,ripple
2022-03-18,0.7938218847195059,38199986361.641,3505833298.610652,ripple
2022-03-19,0.7984573845178067,38423054070.51003,3518410195.619233,ripple
2022-03-20,0.818980707909861,39379307066.49004,3627461259.2091393,ripple
2022-03-21,0.8064894377913627,38867169621.4932,2799660154.683884,ripple
2022-03-22,0.8379809664029861,40278680453.0231,3677001141.019201,ripple
2022-03-23,0.8372243965986176,40301095225.540955,3549893085.552186,ripple
2022-03-24,0.8376505621816649,40309455205.726654,3256620136.1043563,ripple
2022-03-25,0.8421114022402378,40523755643.15179,2788824891.43428,ripple
2022-03-26,0.8244213913542029,39672483855.87599,1983331996.3482928,ripple
2022-03-27,0.8310015071136351,39989129613.705086,1421460060.3801568,ripple
2022-03-28,0.8539236502608716,41121465144.908394,1855295728.8144586,ripple
2022-03-29,0.8640548948293576,41579711813.883125,3277202257.529429,ripple
2022-03-30,0.8570422317157436,41224241577.90292,2363256678.4533124,ripple
2022-03-31,0.8604847293390254,41449148705.78688,2300476564.6465573,ripple
2022-04-01,0.8152117836532856,39229302714.938545,2910917620.602431,ripple
2022-04-02,0.8271257464579131,39813871220.935646,2553508655.7091336,ripple
2022-04-03,0.8242671521526577,39816351313.276695,2067165078.9801276,ripple
2022-04-04,0.8425965315597546,40545522531.02838,1819121861.203156,ripple
2022-04-05,0.8281276338170943,39809813062.1763,2337211874.3592877,ripple
2022-04-06,0.8187524569103866,39411319969.837364,2017746802.820634,ripple
2022-04-07,0.7621659169264008,36687016206.95844,3043359043.011921,ripple
2022-04-08,0.788300179889034,37944994433.974365,2580151283.399397,ripple
2022-04-09,0.7549598472923912,36222968800.71056,2728014121.05299,ripple
2022-04-10,0.7636267236265126,36744121558.51562,2248538561.7904735,ripple
2022-04-11,0.7562784300098224,36403620789.85844,2353543395.1507244,ripple
2022-04-12,0.6955843985559773,33601430163.01578,3463223949.7842712,ripple
2022-04-13,0.7171206298978289,34518751871.64326,2991917530.6422462,ripple
2022-04-14,0.7255258559860935,34923339191.64158,2962354970.672501,ripple
2022-04-15,0.7275666877771264,35057442819.08632,2957491995.833695,ripple
2022-04-16,0.7877335942179761,37917721713.907646,4005911938.6822834,ripple
2022-04-17,0.7829999223908309,37740603800.122475,2670450010.076928,ripple
2022-04-18,0.7537394037896591,36281404230.41864,2325391322.8994355,ripple
2022-04-19,0.7689778999098668,36961492294.77778,3253728969.0565476,ripple
2022-04-20,0.7754484655148195,37281016472.190475,2955754187.371688,ripple
2022-04-21,0.7521764937695645,36163418569.87475,2968256967.5827117,ripple
2022-04-22,0.7332117695793329,35216094189.82071,3087161597.5612164,ripple
2022-04-23,0.7202396768888107,34640114391.674164,2970393681.8864107,ripple
2022-04-24,0.7073588176557891,34027662045.8427,2370632000.882747,ripple
2022-04-25,0.6987978369588094,33679276496.51442,2137895120.5772305,ripple
2022-04-26,0.6956329293874107,33457536154.78493,3506826551.6426578,ripple
2022-04-27,0.6423263433710342,30899259597.563015,3080452315.2575903,ripple
2022-04-28,0.6528348665066932,31365628078.428024,2764376399.572286,ripple
2022-04-29,0.6441268452417402,30955595874.83909,2514240505.1122065,ripple
2022-04-30,0.6124562324749452,29487384901.930927,2822183431.598716,ripple
2022-05-01,0.587810639474169,28276768858.64577,2317425481.0298395,ripple
2022-05-02,0.6092166608195787,29306510542.64941,2519502423.7075987,ripple
2022-05-03,0.6144864952252795,29560017164.350986,2835507497.2230244,ripple
2022-05-04,0.6054702647179527,29175409587.88523,2607753844.4429827,ripple
2022-05-05,0.6479594190283386,31335585499.299335,3128110704.4090395,ripple
2022-05-06,0.6004742594763544,29028787892.059036,3128274793.044598,ripple
2022-05-07,0.6035240236351163,29205373000.255188,2951960307.5796337,ripple
2022-05-08,0.5838448651199512,28191797295.962685,2102170369.3648608,ripple
2022-05-09,0.5669608041110882,27408643527.874832,2376686424.225748,ripple
2022-05-10,0.4947442712197595,23917472370.21285,3820425216.9702215,ripple
2022-05-11,0.5150902169040511,24901058481.377224,4449610449.6001625,ripple
2022-05-12,0.41668999396116013,20236495510.39983,5654427177.473948,ripple
2022-05-13,0.3877209670878742,18743633948.127808,5171860945.698974,ripple
2022-05-14,0.4221611103052877,20468064488.24979,20446959910.483803,ripple
2022-05-15,0.4300177313049834,20788390700.981167,3004143500.290736,ripple
2022-05-16,0.4481544456391356,21676314969.990356,2107871027.0035691,ripple
2022-05-17,0.4235522358019889,20475828597.591156,2480176431.6243024,ripple
2022-05-18,0.439154212031743,21206918515.01422,2261832657.6180253,ripple
2022-05-19,0.4064758494281428,19667366546.451973,2023407675.91126,ripple
2022-05-20,0.42163047872276826,20386508123.763515,2149785235.1761374,ripple
2022-05-21,0.41149336598683217,19911044580.081833,2246730608.8392916,ripple
2022-05-22,0.41527535302800195,20075698416.052597,1374886935.528266,ripple
2022-05-23,0.4228608764476286,20460151559.50088,1421121318.9561877,ripple
2022-05-24,0.4055009945873183,19603175616.81888,1813039685.088817,ripple
2022-05-25,0.40920231512538,19782108930.152927,1706980388.6999452,ripple
2022-05-26,0.40630298199560927,19651540840.327026,2015843764.2379487,ripple
2022-05-27,0.39439817694614954,19066430980.02002,2485081450.728108,ripple
2022-05-28,0.3822834941737768,18480769644.785652,2324419767.860538,ripple
2022-05-29,0.38701377546048005,18709446111.71902,1163579967.864386,ripple
2022-05-30,0.3898603598259622,18842893628.887955,947644980.2610089,ripple
2022-05-31,0.4187053842908315,20236714660.095737,1445550917.8894582,ripple
2022-06-01,0.42444803071239395,20519703901.01127,1735357529.5898669,ripple
2022-06-02,0.39934393599772106,19314953814.235928,1522349174.1251605,ripple
2022-06-03,0.40595433920895124,19625091701.739594,1302678375.7464876,ripple
2022-06-04,0.3914176021539427,18902929145.44984,1275894944.5520406,ripple
2022-06-05,0.39322679036246533,18982750748.83201,683447146.5940696,ripple
2022-06-06,0.3961828350786588,19187176365.392696,705391273.9767989,ripple
2022-06-07,0.4028522036035331,19501680101.245834,1246532475.320551,ripple
2022-06-08,0.40868543927845047,19757121548.77853,1656469090.686715,ripple
2022-06-09,0.4013646967922223,19403214153.929623,1189901698.4859858,ripple
2022-06-10,0.40013286715732643,19337901433.51992,968180632.6239969,ripple
2022-06-11,0.3820658620329248,18470248632.176723,1394625551.8777137,ripple
2022-06-12,0.3600670196345797,17379402375.610332,1084591650.3200622,ripple
2022-06-13,0.3473716238493033,16827700964.903425,1333656925.8682263,ripple
2022-06-14,0.31138286809406446,15053213503.283463,2571889116.4250913,ripple
2022-06-15,0.3229550712743772,15568557097.451038,2039011089.8863053,ripple
2022-06-16,0.3443938243994498,16638203871.66533,2286498342.0860343,ripple
2022-06-17,0.31243655020944017,15102606560.779781,1488890180.7566843,ripple
2022-06-18,0.32235441599660697,15583612153.823809,1375080658.751605,ripple
2022-06-19,0.309330958004928,14954017806.197191,1397757103.8555963,ripple
2022-06-20,0.3256824232823504,15728564298.65965,1149006659.4837725,ripple
2022-06-21,0.3240971076934186,15701017293.774082,1155228410.4452622,ripple
2022-06-22,0.3291435408891084,15900484925.03035,1204900980.2904763,ripple
2022-06-23,0.32275428268771983,15649591825.880308,1034224812.3256223,ripple
2022-06-24,0.33551746207899685,16219954622.645557,930214775.4482027,ripple
2022-06-25,0.368261234144217,17889932972.34277,2203591341.2461424,ripple
2022-06-26,0.3673154719665823,17775525052.331444,839552662.1340762,ripple
2022-06-27,0.3603228719112207,17419125060.39781,728876201.2695982,ripple
2022-06-28,0.35371650062009147,17086200868.005722,962846750.9298605,ripple
2022-06-29,0.3374417519060058,16336659163.210838,1017648480.8788854,ripple
2022-06-30,0.3296188316599712,15942967992.329262,1084325830.6370008,ripple
2022-07-01,0.32924807588589466,15916873051.469343,1326945295.0085275,ripple
2022-07-02,0.31563768472333953,15318991092.382448,1234242687.662255,ripple
2022-07-03,0.3164857899276253,15299904569.883673,564976560.4788862,ripple
2022-07-04,0.3225294647379495,15599885643.287638,644134011.6950454,ripple
2022-07-05,0.32908371430087685,15908927302.731928,936245776.3927474,ripple
2022-07-06,0.325509709249199,15716240546.842815,1069390130.9545662,ripple
2022-07-07,0.33255551826321617,16064248862.684473,1035873113.4054006,ripple
2022-07-08,0.3424005523116743,16549147878.346827,962456688.9760337,ripple
2022-07-09,0.34421421109400624,16669839157.562326,1477936729.899496,ripple
2022-07-10,0.3449893831165381,16689516861.731253,610784365.4046191,ripple
2022-07-11,0.32581075245157504,15750702176.837206,858123901.9091449,ripple
2022-07-12,0.3148525452970551,15220948459.42856,970888703.3390352,ripple
2022-07-13,0.3124987716416906,15105806689.09798,936739624.7320567,ripple
2022-07-14,0.3247437036981014,15695378352.168207,1306451712.9517221,ripple
2022-07-15,0.33363610970833024,16129004214.6032,3450936786.437814,ripple
2022-07-16,0.3338671590882578,16148938887.012407,25137309697.36673,ripple
2022-07-17,0.34994969180523516,16916754130.570707,23310361491.52784,ripple
2022-07-18,0.3439497313500432,16675058880.772114,62468131981.56535,ripple
2022-07-19,0.36466339965144995,17602742086.000675,24287013428.885525,ripple
2022-07-20,0.37225626940575574,17977004406.100082,15747773889.552813,ripple
2022-07-21,0.36061617567635407,17459066563.48312,5943471143.920102,ripple
2022-07-22,0.36641453682043557,17715740062.040546,34998987061.88505,ripple
2022-07-23,0.3582453885163846,17324899057.00061,12852784687.791933,ripple
2022-07-24,0.36007230402718554,17373326657.245926,22728476180.28815,ripple
2022-07-25,0.35913022491325847,17415032492.89394,13511649591.251595,ripple
2022-07-26,0.3365071514433365,16267799275.739422,12266428974.382458,ripple
2022-07-27,0.3367498497765932,16280339620.383312,28749929057.470314,ripple
2022-07-28,0.35954942128264794,17311121486.44676,25637669862.021946,ripple
2022-07-29,0.3724122694615612,17993565318.24411,15143779787.628317,ripple
2022-07-30,0.3698439004011402,18046047855.84583,9366962075.838375,ripple
2022-07-31,0.3871419117499372,18686873330.207775,37779483824.23274,ripple
2022-08-01,0.38090942464251165,18430217002.051163,11383629246.530497,ripple
2022-08-02,0.3794745647488202,18365390789.650043,20993433813.45899,ripple
2022-08-03,0.3721443606390872,18088137791.456406,9268365393.484776,ripple
2022-08-04,0.3697802274672732,17850173244.37779,18045143481.62729,ripple
2022-08-05,0.37288592141949634,17986326951.22402,1009220096.721869,ripple
2022-08-06,0.37673944023534195,18182630929.2215,1083081362.9394202,ripple
2022-08-07,0.3724249101928857,18005459546.993305,528474692.2605269,ripple
2022-08-08,0.37297833616296255,18026251934.20761,558451987.0240587,ripple
2022-08-09,0.3794215621135739,18346010099.870422,1138699148.9583206,ripple
2022-08-10,0.3690576085353753,17885564974.66502,3343031576.7911215,ripple
2022-08-11,0.3818819170672477,18451264891.934143,1239763218.2306042,ripple
2022-08-12,0.38103789907249513,18722737547.626007,1216921626.1301844,ripple
2022-08-13,0.3806867206678796,18689186021.75396,1018932719.2623653,ripple
2022-08-14,0.3791747053498095,18621005139.112835,661994515.9927043,ripple
2022-08-15,0.37789173870428966,18579392207.667027,850831853.8594449,ripple
2022-08-16,0.3768509898908952,18525959226.67408,1162193827.4376662,ripple
2022-08-17,0.37832162183135193,18662404423.880558,1031739476.4237969,ripple
2022-08-18,0.38189978201324554,18885868314.173786,1563237238.528783,ripple
2022-08-19,0.3723714128223131,18412316301.11691,988350335.1681571,ripple
2022-08-20,0.33647346534266226,16619838119.306381,1723039768.1176624,ripple
2022-08-21,0.3387855562056176,16734615067.231573,890708537.3842945,ripple
2022-08-22,0.3470545927088616,17146379649.371073,795459529.3534839,ripple
2022-08-23,0.34562684245445874,17096908382.421494,1092232936.3839886,ripple
2022-08-24,0.3477726001845276,17226011066.46298,980885020.0196048,ripple
2022-08-25,0.34679271408890444,17168064186.93132,893746663.3587409,ripple
2022-08-26,0.35009811479262676,17339114328.047993,880120992.1624258,ripple
2022-08-27,0.3392009860890026,16771137642.241825,1466059795.947098,ripple
2022-08-28,0.337101913520448,16685950202.083353,699466583.794597,ripple
2022-08-29,0.3250929286503036,16183127804.81136,527683239.74135184,ripple
2022-08-30,0.33423074716919543,16597261690.553997,928205984.638813,ripple
2022-08-31,0.3275580359165741,16293719360.212246,866624871.255485,ripple
2022-09-01,0.32804299150052096,16279792839.534712,796912925.4163057,ripple
2022-09-02,0.33371001688142804,16563286140.750006,809944925.6004992,ripple
2022-09-03,0.33138797677917714,16448201041.409803,846287512.8513036,ripple
2022-09-04,0.33016893541165565,16401705686.288158,444863917.87654626,ripple
2022-09-05,0.33223273827868427,16477181610.602238,405810028.4339963,ripple
2022-09-06,0.3331744434353924,16503579175.836767,714260159.5814117,ripple
2022-09-07,0.322882837554491,16040602510.232101,1188996326.401049,ripple
2022-09-08,0.337812631402927,16767664626.557795,1023686540.747103,ripple
2022-09-09,0.3405432304913233,16914537556.626074,1009572640.5292882,ripple
2022-09-10,0.3565520466053419,17726561451.46776,1403094809.6246903,ripple
2022-09-11,0.35763222072390133,17817289842.855175,802561442.9660527,ripple
2022-09-12,0.35447266984431747,17665293814.17329,638880661.7877574,ripple
2022-09-13,0.35859049426894085,17852055047.259144,1059520260.1242691,ripple
2022-09-14,0.3331343427229645,16587780887.87984,1324489792.6553566,ripple
2022-09-15,0.34229766627733377,17046141808.064371,1106999903.5049818,ripple
2022-09-16,0.32697616278820824,16311357746.340384,1337552250.3920174,ripple
2022-09-17,0.3571830539290055,17805028262.431942,1261958274.6868336,ripple
2022-09-18,0.37553542587688626,18707608411.82521,1427789277.6753604,ripple
2022-09-19,0.36011169122072584,18019337973.339752,2096753184.2942493,ripple
2022-09-20,0.3884003338636591,19262269100.349785,2475380016.1667495,ripple
2022-09-21,0.4146975478487356,20670126868.42153,3389711446.2201285,ripple
2022-09-22,0.3987516860564047,19846510864.63612,2923866454.0464396,ripple
2022-09-23,0.4870596202359753,24224069872.3676,4345510563.239003,ripple
2022-09-24,0.5055469016261381,25349689054.64032,6851174094.822689,ripple
2022-09-25,0.4896121534995437,24456632305.120796,3174509674.0623307,ripple
2022-09-26,0.49382068441299476,24659902343.985435,3076786928.7829022,ripple
2022-09-27,0.4675847993795477,23303350158.12698,2761704681.577815,ripple
2022-09-28,0.44973875957430093,22484461714.6888,2605483194.233198,ripple
2022-09-29,0.4523199977661284,22620371849.260277,2399425239.0694294,ripple
2022-09-30,0.48549735837132674,24160534854.875744,2979531131.3341985,ripple
2022-10-01,0.48018560714113456,23954591313.39305,2972868272.42752,ripple
2022-10-02,0.47496133042485,23685517249.644085,1408593745.5803168,ripple
2022-10-03,0.45025632995366566,22548990353.11134,1408392767.9237182,ripple
2022-10-04,0.46261651515402924,23133346946.76287,1739336470.5764768,ripple
2022-10-05,0.48035597545822456,23940005839.731785,2038303645.0219688,ripple
2022-10-06,0.49018876836815045,24463171586.90248,2280930102.1680975,ripple
2022-10-07,0.4935510217263323,24626852233.603928,1784282944.3489885,ripple
2022-10-08,0.5160327262732206,25843445398.10576,2249633454.4159307,ripple
2022-10-09,0.5166455189625007,25751005671.692387,1610134699.361302,ripple
2022-10-10,0.5342292366286716,26622398815.99551,1653702361.1252923,ripple
2022-10-11,0.4973242512168488,24835054251.926365,2164911186.1609306,ripple
2022-10-12,0.48533425502176925,24198543433.748207,2176382497.818888,ripple
2022-10-13,0.4880393259972368,24372617617.304382,1366104521.1582768,ripple
2022-10-14,0.4808330688637784,24045617337.58696,2784181355.3019977,ripple
2022-10-15,0.48872027306582744,24366649108.626354,2121123366.6408682,ripple
2022-10-16,0.48202686508349174,24078700455.34395,798628206.3475759,ripple
2022-10-17,0.4766938429740172,23783757576.55461,966732867.985011,ripple
2022-10-18,0.48065426232884206,23992818375.128853,1417504115.521878,ripple
2022-10-19,0.4668408131092937,23309738544.1798,1309409841.9060183,ripple
2022-10-20,0.45108342840066135,22499563476.753716,1518939369.798926,ripple
2022-10-21,0.4475857270550886,22305568615.86945,1800114950.362331,ripple
2022-10-22,0.4610825481618852,23003431881.17114,1712778421.4866312,ripple
2022-10-23,0.4656755212931661,23214185274.98662,912940134.4613929,ripple
2022-10-24,0.4692781812601062,23368720307.600094,995497789.5121337,ripple
2022-10-25,0.45271572046883046,22601387269.0849,1356662232.60071,ripple
2022-10-26,0.4610277301114104,23030839580.351795,1689657453.9438188,ripple
2022-10-27,0.4690482574175606,23479164280.20445,1565980824.0310557,ripple
2022-10-28,0.4623407900423064,23163065596.091656,1860834302.8238714,ripple
2022-10-29,0.4728780103227727,23647471398.294582,1353826346.238948,ripple
2022-10-30,0.46876476031677705,23467642103.025345,1521168003.4484463,ripple
2022-10-31,0.45750451953412374,22902197620.77545,1045064808.3506737,ripple
2022-11-01,0.46501747211731354,23224524935.39032,1602014607.304093,ripple
2022-11-02,0.4642729057613325,23248404094.12417,1431760457.2526631,ripple
2022-11-03,0.4513827988804672,22626151059.175068,1524489627.5072906,ripple
2022-11-04,0.45510342141581417,22780070699.42792,1222014267.347436,ripple
2022-11-05,0.5020577520809391,25226441321.76689,3011375714.152464,ripple
2022-11-06,0.49300892862095813,24797324782.66233,1308897160.5093763,ripple
2022-11-07,0.47086252498516856,23668541342.756855,1031713111.6175143,ripple
2022-11-08,0.4660747931757319,23384940963.22353,1755549936.0349088,ripple
2022-11-09,0.40872139243654976,20601640289.624653,3706738060.4740987,ripple
2022-11-10,0.33170407746269504,16605761205.84244,3241614924.1969767,ripple
2022-11-11,0.39896690885411007,19989322488.392494,3217259210.9583864,ripple
2022-11-12,0.3896264895691673,19478630558.9855,1861507915.395455,ripple
2022-11-13,0.36658574825492024,18371602318.29175,1003463771.3330681,ripple
2022-11-14,0.3417074995436799,17086304271.575174,1118704703.3493285,ripple
2022-11-15,0.37754516418942985,18989205360.444775,2595659777.0692306,ripple
2022-11-16,0.39063596815761875,19639994952.653553,2081487497.975052,ripple
2022-11-17,0.378098097621922,18970779255.099026,1372852887.9511876,ripple
2022-11-18,0.3841956301573169,19303982424.42455,1402527156.5683973,ripple
2022-11-19,0.38462647516151854,19357565131.27626,986101847.6468065,ripple
2022-11-20,0.38668997247083425,19448735815.09945,569755684.8419449,ripple
2022-11-21,0.36437486576706085,18311817579.162518,1052428346.706693,ripple
2022-11-22,0.367583115604242,18495233972.438004,1780013171.2711096,ripple
2022-11-23,0.37655810489095154,18989891837.637455,1485466338.8330631,ripple
2022-11-24,0.3833062814501991,19284896098.646187,1174797641.9319808,ripple
2022-11-25,0.4038237448074739,20296568045.362335,1423798508.9230359,ripple
2022-11-26,0.4106132467603584,20680013254.503643,1479657670.1579742,ripple
2022-11-27,0.39869918031896884,20049161326.728134,693914954.5763754,ripple
2022-11-28,0.39901892749989815,20105943755.220665,720248826.0615702,ripple
2022-11-29,0.3915898959103989,19693656670.174088,1402123354.6749592,ripple
2022-11-30,0.3997957534980851,20106137882.34614,1140526999.0102472,ripple
2022-12-01,0.4111918971610414,20719087977.17768,1083227863.165195,ripple
2022-12-02,0.39858580461137,20031963631.717594,858081595.7050642,ripple
2022-12-03,0.398615834145069,19969808623.71558,888235349.9074985,ripple
2022-12-04,0.3898651923416876,19674166663.67257,533721848.1149885,ripple
2022-12-05,0.3927017597255727,19722117911.690456,491979075.1387994,ripple
2022-12-06,0.3907786665135361,19651351254.574913,1057341827.3438631,ripple
2022-12-07,0.39237805309459417,19722550803.507057,934598154.6602762,ripple
2022-12-08,0.3844779242127989,19328530509.12746,959854684.2095537,ripple
2022-12-09,0.3949164182037001,19854852002.13049,879857521.4372247,ripple
2022-12-10,0.39022389211734576,19664656225.08729,801611082.0733637,ripple
2022-12-11,0.387759799248256,19506256516.587887,359503303.73512286,ripple
2022-12-12,0.3828656934365775,19283214294.09726,395120823.42169726,ripple
2022-12-13,0.3878258918092492,19594256739.870327,1049862565.8762822,ripple
2022-12-14,0.39501394093007414,19922570552.08643,1355988500.8515296,ripple
2022-12-15,0.3867035852022032,19501737942.722557,1043286573.294691,ripple
2022-12-16,0.3779085576571648,19073834524.492348,819703826.1357329,ripple
2022-12-17,0.3533298415240543,17743456573.2856,1170831763.1244187,ripple
2022-12-18,0.3558315325555913,17909121465.34917,654553881.8687989,ripple
2022-12-19,0.3507100714134827,17712497955.34908,347030394.0865117,ripple
2022-12-20,0.3392138774124123,17095617572.635395,1118134740.0353682,ripple
2022-12-21,0.35002389021623753,17641489469.68155,1027632998.1097451,ripple
2022-12-22,0.3465697645918239,17435599303.21308,858615195.2521,ripple
2022-12-23,0.3500778912764361,17620195062.76461,780045315.5394924,ripple
2022-12-24,0.35515833068322133,17856407421.40487,666320112.6559712,ripple
2022-12-25,0.35317997428569975,17779420196.458714,231622343.95766404,ripple
2022-12-26,0.3469858575442719,17471177171.157623,339542349.5552029,ripple
2022-12-27,0.3661426478635404,18434824599.699306,945058966.0773864,ripple
2022-12-28,0.3678858141405444,18546249287.40341,1069684994.9979781,ripple
2022-12-29,0.35632962347408315,17929049866.6208,979984594.6528118,ripple
2022-12-30,0.34325907725585547,17294056583.418842,1037430034.6292995,ripple
2022-12-31,0.3454333605935747,17383390100.95133,798701561.8671073,ripple
2023-01-01,0.34008628295318194,17121133957.937172,404611674.3235269,ripple
2023-01-02,0.33906591377275835,17060108166.49119,327129626.0672564,ripple
2023-01-03,0.34857042266522625,17560796887.615242,1581447168.2871003,ripple
2023-01-04,0.34381782927835675,17382384969.744404,955848915.0366379,ripple
2023-01-05,0.34814888508317116,17597994730.9952,957585438.9511281,ripple
2023-01-06,0.33841798005536067,17116070602.36482,744907998.8296136,ripple
2023-01-07,0.34511953355311,17457329880.73863,801001834.066361,ripple
2023-01-08,0.3447533324613407,17420356238.27483,342946545.84614086,ripple
2023-01-09,0.3452258121803157,17456961142.234257,545985714.4967215,ripple
2023-01-10,0.34968537233821834,17717747212.100025,1539262894.6328933,ripple
2023-01-11,0.3516250959148819,17792177163.847145,917319432.2180703,ripple
2023-01-12,0.37516804184533054,19038727678.203484,1746275470.3431985,ripple
2023-01-13,0.3757077587246529,19039106716.028618,1426759425.2593694,ripple
2023-01-14,0.38668543486765117,19580764523.903866,1170148577.9979725,ripple
2023-01-15,0.39578014157846464,20080653280.131844,1860485927.2466824,ripple
2023-01-16,0.3846604814430939,19502566239.733498,938035524.0987028,ripple
2023-01-17,0.38721874514522614,19619545376.60257,1668494268.0545394,ripple
2023-01-18,0.38834608969729184,19658180910.92554,1138890767.1815016,ripple
2023-01-19,0.3797679869684619,19245926197.709797,1702838567.3220875,ripple
2023-01-20,0.3941963457659705,19971310554.25555,1255535645.9865408,ripple
2023-01-21,0.4135995980254182,20999925928.925415,1186977053.328279,ripple
2023-01-22,0.4042373402682552,20511505868.34467,1142406486.226599,ripple
2023-01-23,0.4023071714072539,20425679976.40058,852878506.6611335,ripple
2023-01-24,0.42666931243794043,21638028918.38685,2285698262.677693,ripple
2023-01-25,0.40877294153604227,20714879210.16023,1400007168.0821967,ripple
2023-01-26,0.4186592896798123,21255807576.526184,1245728191.7718234,ripple
2023-01-27,0.41111588524277953,20916108969.411465,1019272806.0485111,ripple
2023-01-28,0.41400159754098326,21011973835.20259,942400534.0736151,ripple
2023-01-29,0.4096758453041082,20794792977.810905,565735709.6176277,ripple
2023-01-30,0.41497134328311086,21072151658.286156,630042252.5374581,ripple
2023-01-31,0.39633370209239793,20091977273.881798,1441087625.9689953,ripple
2023-02-01,0.4073667927328009,20688747113.486633,1197426392.9076283,ripple
2023-02-02,0.4148527743836202,21064449265.238544,1250397867.2487998,ripple
2023-02-03,0.4112098873232879,20884408869.328255,1151908009.9087086,ripple
2023-02-04,0.41241065941316785,20950682121.522537,978829007.0556666,ripple
2023-02-05,0.4121338298176891,20949793892.670692,648944348.9337069,ripple
2023-02-06,0.39981674751665536,20322531847.385986,863028588.790369,ripple
2023-02-07,0.39376562944671195,19987203910.588814,1057791123.2708575,ripple
2023-02-08,0.4048849794610551,20578617233.8652,1161291193.3619506,ripple
2023-02-09,0.3986931996846012,20272568564.15036,950354663.9422504,ripple
2023-02-10,0.3832139446465286,19494029957.977486,1821185002.1664116,ripple
2023-02-11,0.38355436616013233,19484210803.046715,1049701311.5898643,ripple
2023-02-12,0.38527542834720957,19569331797.910236,511402933.88147306,ripple
2023-02-13,0.376051100078587,19086935160.551865,560863913.2683896,ripple
2023-02-14,0.37205462835350583,18900034646.09865,1370370835.3961487,ripple
2023-02-15,0.38322795129922127,19466658327.996433,1276863097.1649044,ripple
2023-02-16,0.401361856233086,20368679852.003353,1320600525.785714,ripple
2023-02-17,0.3869228608316964,19624357378.802677,1437284191.6291525,ripple
2023-02-18,0.3953120430532022,20087928758.71447,1212725512.0546696,ripple
2023-02-19,0.39439296683864783,20036416117.84064,575785061.3648797,ripple
2023-02-20,0.38560607248730994,19625731454.880474,863659775.2319903,ripple
2023-02-21,0.39767472521830477,20205624242.572395,1741797303.3956501,ripple
2023-02-22,0.3913842408172827,19872689610.039776,1404135578.9653506,ripple
2023-02-23,0.39535865196447917,20196054648.297245,1391639960.457505,ripple
2023-02-24,0.38957238012624557,19815369081.450718,1131967738.4073946,ripple
2023-02-25,0.3790953257370455,19325068033.96813,1058056427.8744959,ripple
2023-02-26,0.378689319605292,19283599327.033203,647196607.9575866,ripple
2023-02-27,0.37800947130170354,19267086787.79969,540159353.6332139,ripple
2023-02-28,0.3793366092044523,19332749632.951515,1153758555.8774142,ripple
2023-03-01,0.37840780894045833,19254765044.415302,1097670874.0984151,ripple
2023-03-02,0.3842122173302225,19594492700.912342,1016609362.857389,ripple
2023-03-03,0.37782759167537316,19261288580.63014,909585578.1475348,ripple
2023-03-04,0.3797725783925803,19357672478.1105,1366537887.0953143,ripple
2023-03-05,0.375482520911302,19125093149.858818,593218721.5744294,ripple
2023-03-06,0.368702052339315,18772296579.304646,531679793.84649,ripple
2023-03-07,0.370949886784883,18870930797.407375,1262642327.1752026,ripple
2023-03-08,0.38091941771155435,19403006996.615963,1602133801.9946294,ripple
2023-03-09,0.3895455769251921,19902227509.41309,2057330076.4400785,ripple
2023-03-10,0.373153463761464,19038584759.28343,1880109254.4076498,ripple
2023-03-11,0.3719842680149645,18960880522.27624,1600399582.4666307,ripple
2023-03-12,0.3660374912479876,18618245861.40169,1134168277.5788836,ripple
2023-03-13,0.3724698526505245,18910866411.013874,1204499052.1002083,ripple
2023-03-14,0.3741326627142878,19067422016.807568,1880603926.4135096,ripple
2023-03-15,0.37489297291405715,19095493029.564106,1673162184.292314,ripple
2023-03-16,0.36204011755919946,18449948264.467854,1224433592.2436776,ripple
2023-03-17,0.36834272427536696,18785035463.22649,814391190.5999308,ripple
2023-03-18,0.38098351230143557,19395225306.86912,1269614935.2024417,ripple
2023-03-19,0.37641337100193617,19170540663.397667,1097398135.405194,ripple
2023-03-20,0.38928658424177115,19979252277.275562,1440416397.35073,ripple
2023-03-21,0.3772352416274596,19226276544.650375,1313128522.9714599,ripple
2023-03-22,0.47074919177491503,23963597176.994377,4548747517.178309,ripple
2023-03-23,0.42521840812674166,21687465409.827747,4517426407.7119665,ripple
2023-03-24,0.4482196537624507,22838007729.7023,2294537469.6429935,ripple
2023-03-25,0.42680029659763746,21860547088.836643,1705300121.755292,ripple
2023-03-26,0.4490301632968959,22901966241.344044,2226693785.736741,ripple
2023-03-27,0.4507982030258973,23017901905.08662,1450602336.838315,ripple
2023-03-28,0.4804892582556843,24887269626.43507,2674251774.633235,ripple
2023-03-29,0.5168128670875739,26697226442.289265,4020187191.5459795,ripple
2023-03-30,0.5453960004474748,28206497479.00727,5031225482.463057,ripple
2023-03-31,0.5372314130180667,27787487718.72779,3170922798.8468604,ripple
2023-04-01,0.5389087176387467,27928271774.46026,2114260332.1002848,ripple
2023-04-02,0.5108643384082717,26419768893.368996,1966596473.942674,ripple
2023-04-03,0.5206392045697563,26865238853.589268,1622515475.0157032,ripple
2023-04-04,0.49762314978116595,25757164808.749744,1874356756.5454648,ripple
2023-04-05,0.5042085209801936,26035551812.61459,1359219753.5699492,ripple
2023-04-06,0.5064892991443272,26178153840.81308,1542944161.9162514,ripple
2023-04-07,0.5033907322034521,26032005022.916878,1224093379.5299377,ripple
2023-04-08,0.5141886150364228,26596750375.135258,1226161820.9140668,ripple
2023-04-09,0.506259243519927,26189001074.264023,752220124.0481863,ripple
2023-04-10,0.5059049357511278,26153157422.11329,706849513.0381583,ripple
2023-04-11,0.5182365433645599,26808568246.60892,1057662396.4063251,ripple
2023-04-12,0.5174873118520239,26750764716.684345,1328973143.7658172,ripple
2023-04-13,0.5054749022427573,26177625993.753777,1295350693.4578412,ripple
2023-04-14,0.5139001277815082,26594690668.574123,1078337862.0535345,ripple
2023-04-15,0.5237427710723968,27098938485.67568,1686463892.485568,ripple
2023-04-16,0.5208058339366209,26973876116.81294,809065912.6958668,ripple
2023-04-17,0.5211750000486894,26957282986.183178,627790567.7404886,ripple
2023-04-18,0.511424460156572,26426624699.025185,1050565458.3211043,ripple
2023-04-19,0.5313738900166128,27473961872.44431,1197384612.3908288,ripple
2023-04-20,0.49094028917780747,25418640034.33746,2206782404.1051774,ripple
2023-04-21,0.4746185573837571,24546014136.65708,1557750802.69273,ripple
2023-04-22,0.44977836598222937,23247077610.611904,1488791192.3886898,ripple
2023-04-23,0.47401670045814265,24522972208.70548,962045940.8242793,ripple
2023-04-24,0.46537416155196676,24043654913.47115,764793255.6385686,ripple
2023-04-25,0.46137418233489225,23923037222.816833,1371506902.3539543,ripple
2023-04-26,0.4701124118409249,24328714397.27629,1208296460.8797896,ripple
2023-04-27,0.4617665683318512,23900530754.355663,1735110890.1994128,ripple
2023-04-28,0.46712361743135394,24162104799.03539,1709074269.7217984,ripple
2023-04-29,0.48018273189530447,24835475834.136196,1253720406.8721573,ripple
2023-04-30,0.47775943845621893,24729043163.78943,630278066.5984057,ripple
2023-05-01,0.4730668236845426,24497798435.85786,538719110.4492048,ripple
2023-05-02,0.4652310090567144,24061056587.036495,1011865604.860965,ripple
2023-05-03,0.465035475655163,24075470304.744568,969292690.3818562,ripple
2023-05-04,0.4633651736726446,23972787437.638706,1102846442.044967,ripple
2023-05-05,0.4623041483156036,23925163522.408985,754621495.3331013,ripple
2023-05-06,0.4678262625193613,24242740787.308044,977081363.4144815,ripple
2023-05-07,0.46006463988318663,23817157947.00623,652294979.7361903,ripple
2023-05-08,0.4529586030531267,23508258509.097633,440022180.6111255,ripple
2023-05-09,0.4296745042774418,22244894416.296925,1537388545.443165,ripple
2023-05-10,0.430063469892419,22304188423.85518,1042751745.9179302,ripple
2023-05-11,0.432245207178269,22424416872.484283,1182617804.2444046,ripple
2023-05-12,0.42295597310873956,21920201048.047226,994189730.3843771,ripple
2023-05-13,0.43163322736988136,22389881950.833866,1316061803.3985696,ripple
2023-05-14,0.42556150513937774,22111880538.095394,401383427.9821559,ripple
2023-05-15,0.4263508465954697,22099560865.686485,386393405.61760443,ripple
2023-05-16,0.428405441169993,22182629326.123474,825806498.1413949,ripple
2023-05-17,0.44080993373461025,22818727048.263798,1063961406.8159419,ripple
2023-05-18,0.4487326850226171,23256361575.197758,1641651715.4635224,ripple
2023-05-19,0.4607641094436982,23918491004.363373,1511866848.49897,ripple
2023-05-20,0.4688768031244469,24327746704.90955,1203165079.3727944,ripple
2023-05-21,0.4695940782186896,24377025880.71992,514027085.75605303,ripple
2023-05-22,0.4586412584498675,23796873050.34155,577572180.6831025,ripple
2023-05-23,0.4623516875950931,23977031841.92864,991756168.2991667,ripple
2023-05-24,0.4660385198404762,24171255429.874794,888439002.3801645,ripple
2023-05-25,0.45436486733946946,23595882622.177483,1119381536.2608764,ripple
2023-05-26,0.4541151704696861,23556263618.682175,821478867.1634058,ripple
2023-05-27,0.4697451671376945,24417347419.40233,1052724018.8269242,ripple
2023-05-28,0.472216408249837,24551886084.47911,759741391.0489581,ripple
2023-05-29,0.48352330128284976,25163437545.644337,706081731.4823192,ripple
2023-05-30,0.49376486696403926,25702162976.181118,1145216727.3080325,ripple
2023-05-31,0.5223191694382098,27185803590.1863,2389465868.2509184,ripple
2023-06-01,0.519347236645673,26998129476.664906,1728394882.8431637,ripple
2023-06-02,0.5084602612441388,26441448782.04242,1184491773.5746508,ripple
2023-06-03,0.5259130178454915,27330411902.31459,1172447803.4803495,ripple
2023-06-04,0.5199723058938108,27029657254.607746,735045062.6217449,ripple
2023-06-05,0.5376237449981687,27920135061.880856,1044713825.6791098,ripple
2023-06-06,0.512255734923267,26576194800.017296,2324288258.5782566,ripple
2023-06-07,0.5317141263258067,27595802610.622444,1788963243.7072139,ripple
2023-06-08,0.5208616065533803,27086725457.87463,1857008228.8556283,ripple
2023-06-09,0.5251989570987307,27313881799.618065,1066147795.0472884,ripple
2023-06-10,0.538716297328121,27947393305.97943,1400687394.716791,ripple
2023-06-11,0.510823106689579,26595733464.30461,2377566256.8370676,ripple
2023-06-12,0.5234656949507985,27216822149.88123,924538107.3721211,ripple
2023-06-13,0.5272915888541333,27379890906.227215,1366838192.0786796,ripple
2023-06-14,0.5222231726396263,27133015218.43599,2989624103.371322,ripple
2023-06-15,0.4819853694716451,25055080654.37114,1999231994.0299351,ripple
2023-06-16,0.4818701232948997,25039056140.417084,1290064407.4434283,ripple
2023-06-17,0.47743039594018366,24804635141.678604,1314734497.473471,ripple
2023-06-18,0.48091801693676484,25005716435.541878,702204082.5297493,ripple
2023-06-19,0.48873703886019854,25416332506.73837,823404499.6246965,ripple
2023-06-20,0.49394067262722385,25708930078.321697,833887969.3753109,ripple
2023-06-21,0.49227331562276505,25641101459.894615,863398469.9608608,ripple
2023-06-22,0.500997345241522,26091973532.575783,1047444064.0813686,ripple
2023-06-23,0.4952656835302854,25824265989.03825,1203675448.963428,ripple
2023-06-24,0.4961332787394924,25917023949.95469,856055965.2622167,ripple
2023-06-25,0.48669686131785794,25448414759.665344,519757792.4773254,ripple
2023-06-26,0.4895723008499811,25577584986.08896,520726839.4971085,ripple
2023-06-27,0.479149986572276,24993365484.350517,781825263.0999359,ripple
2023-06-28,0.48436959597213397,25305718851.56595,696818986.8407857,ripple
2023-06-29,0.46481822681196244,24296794823.833202,821278549.3740807,ripple
2023-06-30,0.47458822908630927,24810347278.937798,575213084.8797239,ripple
2023-07-01,0.473647912120312,24792368682.025192,1016983988.8105903,ripple
2023-07-02,0.4733162435648094,24715806335.758446,567687674.2493538,ripple
2023-07-03,0.4838261040782226,25298696946.576424,822937093.0322157,ripple
2023-07-04,0.48951641386335387,25565025718.749207,893581246.7063645,ripple
2023-07-05,0.48803429392408554,25539081808.624573,704205207.5325793,ripple
2023-07-06,0.47780553433734296,24999675952.49481,780909277.6090572,ripple
2023-07-07,0.46440877628499516,24328001206.918903,772623037.9496843,ripple
2023-07-08,0.46836384008337706,24465410534.2725,570272199.3048488,ripple
2023-07-09,0.4704270186958301,24583107111.164288,330926326.21778077,ripple
2023-07-10,0.4681921443187148,24462004905.83065,254714219.85400298,ripple
2023-07-11,0.47731724646757945,24922515787.509663,748189491.8631514,ripple
2023-07-12,0.47546330271644877,25025475416.402214,566443960.1459918,ripple
2023-07-13,0.4713759020166678,24756292150.832104,613551699.943614,ripple
2023-07-14,0.8125093807114796,42784396920.87513,11251096255.82042,ripple
2023-07-15,0.7196793898171404,37918177999.134254,5758002014.725879,ripple
2023-07-16,0.7132555900513394,37484963831.147064,2658605337.547687,ripple
2023-07-17,0.7476671129966201,39206989775.505424,3239778453.914754,ripple
2023-07-18,0.7394962152284867,38827092428.83717,2262921797.7753544,ripple
2023-07-19,0.7812630940643422,40870157250.464775,2214761174.651494,ripple
2023-07-20,0.8212366992769505,43193317016.13269,3583242003.053844,ripple
2023-07-21,0.793283630832216,41729123773.57223,2588946338.45636,ripple
2023-07-22,0.7726808563347505,40587624026.986496,1675530391.283235,ripple
2023-07-23,0.7314015935483464,38460345132.56344,1389970268.986684,ripple
2023-07-24,0.7379910760166287,38757878154.63946,1257404824.397465,ripple
2023-07-25,0.7035253934126873,37048588176.874435,1941377513.1581554,ripple
2023-07-26,0.710252778978069,37425088969.069756,1530207989.3734734,ripple
2023-07-27,0.7158774882632872,37694712104.53819,1495290293.1260667,ripple
2023-07-28,0.713435782414364,37592231679.3358,1329392797.0606704,ripple
2023-07-29,0.7122965862439442,37543055727.23403,943438023.2856784,ripple
2023-07-30,0.7126071592756545,37568028661.31408,642153174.3261417,ripple
2023-07-31,0.7049110934788799,37157825595.01724,1116791886.5469344,ripple
2023-08-01,0.6990302831310987,36854361562.914604,1406177636.9756496,ripple
2023-08-02,0.7072155102655546,37177683337.37651,1521287462.8124747,ripple
2023-08-03,0.6847397250082338,36120553529.07423,1053596026.1910685,ripple
2023-08-04,0.6642104250823613,35083597032.29245,1277296653.4007647,ripple
2023-08-05,0.6358100524337328,33547950040.331524,1200556083.392803,ripple
2023-08-06,0.6284302339961231,33126867546.145435,1002199104.3092477,ripple
2023-08-07,0.6221532337189516,32768402681.78805,771069752.2066147,ripple
2023-08-08,0.6208379591018611,32710392083.95866,1327007615.2127016,ripple
2023-08-09,0.6426242001562646,33895961202.844006,1375092164.8041742,ripple
2023-08-10,0.6436052062261336,33977423508.897026,1498394768.283378,ripple
2023-08-11,0.6332138416848744,33426764509.192726,1063357974.3368189,ripple
2023-08-12,0.631617580467985,33340650585.52871,924970915.6402841,ripple
2023-08-13,0.6270807267798834,33093472877.81856,502921367.1804816,ripple
2023-08-14,0.6256892005801732,33020932779.51416,620939906.9800236,ripple
2023-08-15,0.6346809011389943,33526777989.722347,967305278.5730306,ripple
2023-08-16,0.6093303800158635,32153506290.77583,1200448874.4198472,ripple
2023-08-17,0.5892528804005854,31112167895.250828,1563955567.709246,ripple
2023-08-18,0.5045364413631485,26666217677.218605,2195107422.094938,ripple
2023-08-19,0.5055391266986587,26678600727.832035,1918958850.387304,ripple
2023-08-20,0.5197335651388897,27477790031.510414,929698765.9791975,ripple
